hour,actual,predicted,residual
0,11.7,29.634508,17.93451
1,10.0,29.634882,19.634882
2,16.400002,29.64887,13.248869
3,7.7,29.66834,21.968342
4,9.6,29.689146,20.089146
5,4.4,29.709187,25.309187
6,8.099999,29.705303,21.605305
7,3.7,29.686634,25.986633
8,13.9,29.657982,15.757982
9,11.0,29.628706,18.628706
10,9.7,29.599411,19.89941
11,14.200001,29.576813,15.376812
12,12.099999,29.552877,17.452877
13,14.200001,29.525894,15.325893
14,9.4,29.508219,20.10822
15,14.099999,29.500494,15.400495
16,14.9,29.503307,14.603308
17,12.6,29.525454,16.925453
18,10.3,29.560951,19.260952
19,9.0,29.595152,20.595152
20,8.8,29.624458,20.82446
21,6.7,29.65065,22.95065
22,6.7999997,29.667316,22.867317
23,6.6,29.680742,23.080742
24,6.4,29.687607,23.287607
25,9.299999,29.694584,20.394585
26,6.8999996,29.708345,22.808346
27,7.2000003,29.733389,22.533388
28,7.4,29.766237,22.366238
29,6.5,29.796045,23.296045
30,7.9999995,29.806894,21.806894
31,11.3,29.81301,18.513008
32,12.0,29.802057,17.802057
33,11.9,29.787676,17.887676
34,8.400001,29.76358,21.363579
35,10.2,29.73943,19.539429
36,12.099999,29.70742,17.607422
37,13.3,29.676046,16.376045
38,10.0,29.647692,19.647692
39,5.4,29.636602,24.236603
40,2.8999999,29.645311,26.745312
41,2.8999999,29.697319,26.79732
42,4.6,29.775503,25.175503
43,4.3,29.862455,25.562454
44,3.0,29.939594,26.939594
45,8.400001,30.008957,21.608955
46,4.1000004,30.062408,25.962408
47,3.8,30.105976,26.305977
48,10.700001,30.134132,19.434132
49,10.599999,30.150335,19.550335
50,2.8999999,30.160213,27.260214
51,9.6,30.168663,20.568663
52,6.0,30.172205,24.172205
53,5.7999997,30.175648,24.375648
54,2.6,30.177975,27.577974
55,9.299999,30.15832,20.85832
56,6.8999996,30.115572,23.215572
57,9.9,30.062847,20.162848
58,10.2,30.013742,19.813744
59,10.4,29.963036,19.563036
60,9.8,29.919622,20.119621
61,14.6,29.88428,15.284279
62,10.1,29.856094,19.756094
63,12.499999,29.843298,17.3433
64,13.4,29.855967,16.455967
65,11.0,29.909286,18.909286
66,10.599999,29.981491,19.381493
67,6.2,30.064299,23.8643
68,1.4,30.14074,28.74074
69,6.2,30.196129,23.996128
70,3.5000002,30.23419,26.73419
71,1.5,30.260918,28.760918
72,6.1,30.2742,24.1742
73,6.0,30.276892,24.276892
74,4.1000004,30.276564,26.176563
75,5.2,30.276163,25.076164
76,6.2,30.25669,24.05669
77,9.7,30.242348,20.542347
78,10.2,30.229692,20.029694
79,4.1000004,30.204527,26.104527
80,12.6,30.168678,17.568678
81,12.099999,30.132263,18.032265
82,8.099999,30.089056,21.989056
83,11.9,30.04059,18.14059
84,8.3,29.99443,21.694431
85,10.8,29.955345,19.155346
86,12.900001,29.92172,17.02172
87,11.3,29.89286,18.592861
88,8.7,29.882889,21.182888
89,8.099999,29.887781,21.78778
90,10.8,29.912376,19.112377
91,13.0,29.93026,16.93026
92,9.7,29.942482,20.242481
93,7.4,29.951778,22.551779
94,10.599999,29.959202,19.359203
95,9.9,29.968267,20.068268
96,9.7,29.968235,20.268234
97,9.7,29.95619,20.256191
98,9.5,29.954206,20.454206
99,13.9,29.951653,16.051653
100,7.0000005,29.950497,22.950497
101,11.2,29.957323,18.757324
102,10.599999,29.949383,19.349384
103,9.5,29.934666,20.434666
104,10.700001,29.902948,19.202948
105,12.499999,29.874153,17.374153
106,12.2,29.84211,17.642109
107,16.199999,29.8134,13.613401
108,13.2,29.77457,16.57457
109,10.0,29.74535,19.74535
110,14.099999,29.725073,15.625073
111,13.9,29.6993,15.799301
112,13.4,29.683268,16.283268
113,12.2,29.68463,17.48463
114,14.3,29.698935,15.398934
115,17.0,29.72259,12.7225895
116,14.000001,29.749237,15.749236
117,14.9,29.771929,14.871929
118,12.900001,29.797035,16.897034
119,10.8,29.815042,19.015041
120,10.700001,29.837465,19.137465
121,8.099999,29.852463,21.752464
122,8.400001,29.869736,21.469734
123,8.099999,29.89837,21.79837
124,7.9999995,29.924809,21.924809
125,9.2,29.960068,20.760067
126,11.599999,29.98096,18.380962
127,13.5,29.980532,16.480532
128,10.1,29.958744,19.858744
129,11.3,29.93451,18.63451
130,11.9,29.905418,18.005419
131,12.299999,29.88379,17.58379
132,17.0,29.856031,12.856031
133,19.9,29.843863,9.943863
134,10.5,29.831758,19.331758
135,15.3,29.828087,14.528087
136,11.0,29.822458,18.822458
137,15.999999,29.838629,13.83863
138,14.400001,29.876957,15.476956
139,13.5,29.917908,16.417908
140,16.699999,29.948626,13.248627
141,14.000001,29.971922,15.971921
142,14.3,29.992462,15.692462
143,15.5,30.008419,14.508419
144,16.6,30.019033,13.419033
145,13.799999,30.024399,16.2244
146,16.5,30.025927,13.525927
147,13.0,30.04139,17.04139
148,11.5,30.059294,18.559294
149,15.700001,30.086563,14.386562
150,13.799999,30.10987,16.309872
151,15.0,30.104475,15.104475
152,9.8,30.082144,20.282143
153,11.4,30.055769,18.65577
154,9.9,30.019236,20.119236
155,12.8,29.991425,17.191425
156,15.3,29.97118,14.67118
157,17.7,29.95814,12.258139
158,14.000001,29.944838,15.944837
159,15.1,29.939827,14.839827
160,16.6,29.949482,13.349482
161,21.800001,29.988445,8.188444
162,20.4,30.031828,9.631828
163,12.8,30.08107,17.28107
164,14.6,30.115828,15.515827
165,9.9,30.143366,20.243366
166,14.7,30.164038,15.464038
167,12.8,30.177197,17.377197
168,12.700001,30.185778,17.485777
169,18.1,30.190817,12.0908165
170,13.0,30.197847,17.197847
171,13.799999,30.21286,16.41286
172,9.7,30.227308,20.52731
173,9.0,30.25051,21.25051
174,7.6,30.253262,22.653261
175,9.7,30.24537,20.545372
176,10.3,30.227911,19.92791
177,9.6,30.190144,20.590143
178,12.2,30.16421,17.96421
179,7.8999996,30.131676,22.231676
180,9.299999,30.103535,20.803535
181,11.7,30.07116,18.371159
182,10.2,30.043285,19.843285
183,10.2,30.030315,19.830315
184,7.9999995,30.025045,22.025045
185,10.700001,30.038305,19.338305
186,13.799999,30.05468,16.25468
187,16.800001,30.080208,13.280207
188,6.8999996,30.104397,23.204397
189,9.9,30.131952,20.231953
190,10.2,30.146538,19.946537
191,7.5,30.15325,22.65325
192,8.099999,30.157436,22.057438
193,8.9,30.165474,21.265474
194,14.3,30.167383,15.867383
195,10.599999,30.17643,19.576431
196,9.2,30.189058,20.98906
197,10.900001,30.198467,19.298466
198,3.5000002,30.193583,26.693583
199,6.8999996,30.176632,23.276632
200,7.5,30.139645,22.639645
201,5.0,30.101082,25.101082
202,8.5,30.07323,21.57323
203,4.4,30.046171,25.646172
204,9.6,30.024126,20.424126
205,12.700001,30.004044,17.304043
206,13.2,29.978306,16.778305
207,12.4,29.958069,17.55807
208,9.099999,29.948284,20.848286
209,8.6,29.955202,21.355202
210,7.2000003,29.965261,22.76526
211,12.299999,29.969538,17.669538
212,13.7,29.97377,16.27377
213,15.599999,29.971106,14.371106
214,12.2,29.961365,17.761364
215,14.9,29.954994,15.054995
216,8.5,29.94061,21.44061
217,9.7,29.920544,20.220543
218,12.6,29.903904,17.303904
219,11.8,29.88881,18.08881
220,9.7,29.869926,20.169926
221,12.700001,29.855734,17.155733
222,17.4,29.83509,12.435091
223,15.4,29.80702,14.407021
224,7.4,29.773008,22.373009
225,10.700001,29.735212,19.035212
226,11.4,29.704071,18.304071
227,7.2000003,29.67341,22.47341
228,6.4,29.639345,23.239346
229,16.3,29.612844,13.312845
230,12.299999,29.595465,17.295465
231,13.2,29.58383,16.383831
232,15.700001,29.583452,13.883451
233,11.599999,29.591944,17.991943
234,11.1,29.607914,18.507914
235,14.200001,29.623627,15.423626
236,15.799999,29.638794,13.838795
237,16.5,29.644876,13.1448765
238,14.5,29.659103,15.159103
239,11.9,29.670143,17.770144
240,14.6,29.67725,15.07725
241,11.3,29.681662,18.38166
242,12.099999,29.681595,17.581596
243,13.7,29.68096,15.98096
244,7.2000003,29.681215,22.481215
245,12.099999,29.68287,17.58287
246,8.400001,29.675724,21.275723
247,16.6,29.665352,13.0653515
248,9.9,29.641586,19.741587
249,10.700001,29.611944,18.911943
250,13.4,29.57098,16.17098
251,10.4,29.524094,19.124094
252,12.099999,29.491995,17.391994
253,9.099999,29.467981,20.367981
254,11.2,29.459986,18.259987
255,14.099999,29.453136,15.353137
256,13.3,29.457079,16.157078
257,10.0,29.474678,19.474678
258,15.700001,29.495752,13.795752
259,11.9,29.51996,17.61996
260,15.2,29.542078,14.342078
261,17.0,29.562721,12.562721
262,12.2,29.57157,17.37157
263,11.5,29.574738,18.074738
264,12.900001,29.57076,16.670761
265,12.8,29.56939,16.76939
266,12.700001,29.566631,16.86663
267,10.700001,29.567478,18.867477
268,12.6,29.574528,16.974527
269,15.900001,29.586405,13.686404
270,14.099999,29.596817,15.496818
271,14.200001,29.59468,15.39468
272,18.4,29.587008,11.187008
273,11.9,29.574255,17.674255
274,15.700001,29.561773,13.861773
275,13.9,29.54488,15.64488
276,17.0,29.531767,12.531767
277,13.1,29.522669,16.422668
278,17.2,29.524733,12.324732
279,11.8,29.523754,17.723755
280,13.599999,29.536003,15.936004
281,18.300001,29.557796,11.257795
282,10.0,29.57607,19.57607
283,16.6,29.59928,12.999279
284,17.7,29.617485,11.917484
285,14.400001,29.62487,15.22487
286,11.1,29.633463,18.533463
287,16.5,29.639414,13.139414
288,19.6,29.641113,10.041113
289,14.000001,29.644371,15.64437
290,16.5,29.657707,13.157707
291,17.6,29.684881,12.084881
292,18.4,29.726656,11.326656
293,14.8,29.765799,14.965798
294,14.8,29.793901,14.993901
295,21.0,29.810488,8.810488
296,20.300001,29.806707,9.506706
297,14.000001,29.78619,15.786189
298,15.2,29.755692,14.555692
299,13.4,29.733095,16.333096
300,15.4,29.717224,14.3172245
301,11.3,29.701317,18.401318
302,8.400001,29.685125,21.285126
303,11.599999,29.671387,18.071388
304,10.5,29.664816,19.164816
305,5.2999997,29.665216,24.365217
306,6.1,29.670666,23.570665
307,3.8,29.677307,25.877308
308,9.7,29.682877,19.982876
309,5.2999997,29.684715,24.384716
310,11.7,29.69307,17.993069
311,7.4,29.69112,22.29112
312,10.3,29.689695,19.389694
313,11.2,29.687021,18.487022
314,10.3,29.6901,19.390099
315,9.299999,29.696407,20.396408
316,11.1,29.714882,18.614882
317,12.099999,29.730057,17.630058
318,11.7,29.742548,18.04255
319,8.6,29.742208,21.142208
320,10.900001,29.72608,18.82608
321,14.7,29.701406,15.001407
322,10.2,29.68109,19.48109
323,7.7,29.663969,21.96397
324,7.1000004,29.650156,22.550156
325,12.8,29.633423,16.833424
326,8.099999,29.62195,21.52195
327,9.7,29.61801,19.91801
328,8.400001,29.621483,21.221481
329,5.5,29.647696,24.147696
330,6.0,29.684872,23.684872
331,8.7,29.717983,21.017982
332,9.0,29.738136,20.738136
333,6.7,29.751413,23.051414
334,6.1,29.760715,23.660715
335,10.700001,29.770775,19.070774
336,6.6,29.776493,23.176493
337,3.1,29.776514,26.676514
338,5.2999997,29.779776,24.479776
339,8.3,29.791462,21.491463
340,6.2,29.818,23.618
341,8.3,29.84845,21.54845
342,2.7,29.862066,27.162066
343,8.7,29.867386,21.167385
344,8.6,29.872461,21.27246
345,6.8999996,29.866236,22.966236
346,9.8,29.849592,20.049591
347,9.9,29.835037,19.935038
348,6.7,29.823023,23.123024
349,4.7,29.811806,25.111805
350,6.3,29.803696,23.503696
351,7.8999996,29.802431,21.902431
352,7.2000003,29.810764,22.610764
353,4.9,29.82511,24.92511
354,6.3,29.8482,23.548199
355,7.0000005,29.877035,22.877035
356,9.099999,29.89888,20.798882
357,6.8999996,29.921015,23.021015
358,7.4,29.932674,22.532675
359,7.1000004,29.935656,22.835655
360,10.5,29.928452,19.428452
361,10.0,29.914875,19.914875
362,5.7,29.894094,24.194096
363,6.8999996,29.8745,22.9745
364,3.8,29.876366,26.076366
365,5.4,29.873087,24.473087
366,5.6,29.867662,24.267662
367,6.0,29.853195,23.853195
368,6.2,29.837976,23.637978
369,6.2,29.814072,23.61407
370,6.7,29.784819,23.08482
371,7.8999996,29.757093,21.857094
372,13.4,29.728302,16.328302
373,7.5,29.705072,22.205072
374,13.4,29.687677,16.287678
375,10.0,29.683384,19.683384
376,8.6,29.686789,21.086788
377,13.3,29.707676,16.407677
378,14.6,29.732079,15.132078
379,13.599999,29.756607,16.156609
380,7.8999996,29.782429,21.88243
381,11.2,29.810698,18.610699
382,10.5,29.846363,19.346363
383,12.900001,29.869686,16.969685
384,12.099999,29.885485,17.785484
385,7.0000005,29.897085,22.897085
386,10.4,29.917736,19.517736
387,9.5,29.936026,20.436026
388,9.2,29.94525,20.74525
389,12.8,29.956072,17.15607
390,17.3,29.956005,12.656006
391,16.5,29.951145,13.451145
392,12.4,29.943754,17.543755
393,7.0000005,29.92641,22.92641
394,7.2000003,29.901846,22.701845
395,6.5,29.879093,23.379093
396,10.700001,29.856117,19.156116
397,4.9,29.832636,24.932636
398,5.9,29.819187,23.919188
399,8.3,29.8179,21.517899
400,11.599999,29.840256,18.240257
401,7.5,29.887873,22.387873
402,11.9,29.950865,18.050865
403,10.700001,30.01576,19.31576
404,5.4,30.091084,24.691084
405,3.6000001,30.158451,26.55845
406,10.5,30.204306,19.704306
407,8.3,30.237316,21.937317
408,11.2,30.260183,19.060184
409,8.9,30.277052,21.377052
410,7.7999997,30.280184,22.480185
411,12.499999,30.277977,17.777977
412,3.3999999,30.270504,26.870504
413,9.2,30.267933,21.067932
414,12.6,30.270527,17.670527
415,5.1,30.28426,25.18426
416,7.8999996,30.290783,22.390783
417,7.7999997,30.274397,22.474398
418,9.2,30.240334,21.040333
419,6.7,30.196772,23.496773
420,6.8999996,30.144636,23.244637
421,8.5,30.083944,21.583944
422,7.7999997,30.027697,22.227697
423,10.4,29.996077,19.596077
424,6.1,30.000782,23.900782
425,8.3,30.026983,21.726982
426,10.2,30.066412,19.866413
427,5.7999997,30.110138,24.310139
428,6.3,30.146393,23.846394
429,7.1000004,30.173792,23.073792
430,5.7,30.201456,24.501457
431,3.7,30.218151,26.51815
432,5.4,30.225883,24.825884
433,5.0,30.229492,25.229492
434,6.5,30.242867,23.742867
435,7.9999995,30.255363,22.255363
436,1.4,30.260225,28.860226
437,9.0,30.279299,21.279299
438,8.3,30.30068,22.000679
439,6.1,30.300203,24.200203
440,3.1,30.27856,27.17856
441,3.8999999,30.235504,26.335505
442,8.6,30.181644,21.581644
443,3.0,30.122803,27.122803
444,6.2,30.066973,23.866974
445,2.7,30.012867,27.312866
446,8.099999,29.975437,21.875439
447,5.6,29.964241,24.36424
448,6.7,29.98337,23.283371
449,7.5,30.03626,22.53626
450,5.6,30.103567,24.503567
451,5.1,30.172726,25.072725
452,4.6,30.227283,25.627283
453,4.4,30.28379,25.883791
454,10.900001,30.325512,19.42551
455,11.1,30.361366,19.261366
456,10.900001,30.386475,19.486473
457,11.5,30.418127,18.918127
458,10.2,30.446827,20.246826
459,10.5,30.471924,19.971924
460,10.5,30.500658,20.000658
461,23.900002,30.524246,6.6242447
462,30.9,30.537354,-0.3626461
463,21.3,30.534307,9.234308
464,13.5,30.507336,17.007336
465,12.900001,30.452301,17.5523
466,16.400002,30.381542,13.981541
467,11.3,30.300352,19.00035
468,13.7,30.21839,16.51839
469,12.2,30.149326,17.949326
470,12.0,30.096561,18.096561
471,13.5,30.062735,16.562735
472,11.5,30.05852,18.55852
473,10.0,30.088297,20.088297
474,12.099999,30.127628,18.02763
475,13.599999,30.164795,16.564796
476,9.0,30.196772,21.196772
477,7.6,30.213692,22.613691
478,10.700001,30.22178,19.52178
479,6.2,30.232628,24.032627
480,13.799999,30.242508,16.442509
481,19.1,30.238422,11.138422
482,10.0,30.236492,20.236492
483,9.0,30.237429,21.237429
484,10.5,30.242508,19.742508
485,21.5,30.239796,8.739796
486,34.1,30.232956,-3.8670425
487,27.199999,30.231335,3.0313358
488,18.599998,30.21006,11.610062
489,17.8,30.185045,12.385046
490,14.3,30.152271,15.852271
491,12.099999,30.112583,18.012585
492,12.4,30.067572,17.667572
493,15.0,30.020874,15.020874
494,15.0,29.975885,14.975885
495,14.8,29.94074,15.14074
496,12.099999,29.938065,17.838066
497,24.300001,29.952888,5.6528873
498,9.099999,29.972742,20.872742
499,7.8999996,29.989964,22.089964
500,13.1,29.998716,16.898716
501,11.2,30.0076,18.807602
502,9.2,30.0079,20.8079
503,12.2,30.0113,17.811298
504,10.900001,30.015114,19.115112
505,9.0,30.020704,21.020704
506,9.6,30.023762,20.423761
507,12.499999,30.036798,17.5368
508,12.6,30.057291,17.45729
509,15.599999,30.080965,14.480966
510,10.599999,30.086252,19.486252
511,9.5,30.070242,20.570242
512,9.7,30.023935,20.323936
513,8.200001,29.96867,21.76867
514,12.2,29.906239,17.706238
515,10.0,29.837326,19.837326
516,11.599999,29.770357,18.170357
517,4.4,29.703884,25.303885
518,7.3,29.653727,22.353725
519,8.400001,29.615023,21.215023
520,3.5000002,29.591305,26.091305
521,8.7,29.580317,20.880318
522,4.6,29.57792,24.97792
523,7.1000004,29.581642,22.481642
524,7.7999997,29.593334,21.793335
525,12.2,29.59963,17.399632
526,12.900001,29.604664,16.704662
527,12.099999,29.601189,17.50119
528,10.700001,29.596823,18.896822
529,9.099999,29.590693,20.490692
530,10.700001,29.593971,18.89397
531,8.6,29.599953,20.999952
532,11.5,29.605667,18.105667
533,10.4,29.610281,19.210281
534,10.5,29.603191,19.103191
535,12.299999,29.595367,17.295368
536,16.199999,29.575327,13.375328
537,20.2,29.544695,9.344694
538,14.6,29.508112,14.908112
539,13.599999,29.472569,15.872569
540,10.700001,29.435099,18.735098
541,10.700001,29.402206,18.702206
542,13.1,29.368965,16.268965
543,8.3,29.348883,21.048882
544,11.9,29.340189,17.44019
545,12.8,29.341179,16.54118
546,11.7,29.346128,17.64613
547,9.5,29.35371,19.85371
548,5.7999997,29.355734,23.555735
549,6.3,29.348776,23.048775
550,3.8999999,29.340368,25.440369
551,4.9,29.32992,24.42992
552,6.5,29.312227,22.812227
553,7.8999996,29.294823,21.394823
554,4.5,29.277012,24.777012
555,7.8999996,29.259735,21.359735
556,3.8999999,29.249546,25.349546
557,5.2,29.242207,24.042206
558,3.8999999,29.237312,25.337313
559,6.0,29.22721,23.22721
560,6.3,29.210478,22.910477
561,0.7,29.190128,28.490128
562,5.4,29.174618,23.774618
563,2.7,29.15361,26.45361
564,3.3999999,29.136742,25.736742
565,3.0,29.116564,26.116564
566,7.2000003,29.10268,21.90268
567,7.2000003,29.107649,21.907648
568,7.2000003,29.128258,21.928257
569,7.2000003,29.165123,21.965122
570,5.9,29.196245,23.296246
571,2.4,29.228432,26.828432
572,0.49999997,29.254116,28.754116
573,3.5000002,29.269844,25.769844
574,6.3,29.279467,22.979465
575,2.3,29.285036,26.985037
576,3.6000001,29.285894,25.685894
577,0.90000004,29.285246,28.385246
578,12.299999,29.275179,16.97518
579,19.9,29.267385,9.367386
580,4.7,29.255722,24.555721
581,1.9,29.248844,27.348845
582,2.4,29.24406,26.84406
583,3.6000001,29.230917,25.630917
584,0.6,29.207909,28.607908
585,1.5,29.182976,27.682976
586,1.3,29.158901,27.858902
587,1.3,29.134367,27.834368
588,1.3,29.114113,27.814114
589,2.5,29.102362,26.602362
590,3.3,29.098204,25.798204
591,5.7999997,29.10741,23.307411
592,18.4,29.131847,10.731848
593,20.300001,29.17423,8.874229
594,14.200001,29.21458,15.01458
595,11.9,29.249474,17.349474
596,26.099998,29.275467,3.1754684
597,1.4,29.295467,27.895468
598,5.4,29.307787,23.907787
599,9.299999,29.309633,20.009634
600,0.3,29.30915,29.009151
601,3.6000001,29.307468,25.707468
602,3.1,29.30543,26.20543
603,5.7999997,29.306091,23.506092
604,5.7999997,29.3159,23.515902
605,5.7999997,29.342323,23.542324
606,9.299999,29.355513,20.055513
607,8.3,29.355854,21.055855
608,1.6,29.3386,27.7386
609,2.8,29.310423,26.510424
610,5.7999997,29.284416,23.484417
611,4.3,29.263096,24.963097
612,7.1000004,29.243578,22.143578
613,3.6000001,29.223293,25.623293
614,8.099999,29.210018,21.11002
615,7.4,29.208658,21.808659
616,18.199999,29.216797,11.016798
617,16.3,29.244068,12.944069
618,11.4,29.279682,17.879683
619,4.3,29.314005,25.014004
620,4.7,29.338821,24.63882
621,4.8,29.357271,24.55727
622,5.2,29.372913,24.172913
623,4.4,29.385427,24.985428
624,4.6,29.392233,24.792233
625,5.2,29.4036,24.203602
626,5.7,29.414883,23.714882
627,5.7999997,29.434502,23.634502
628,1.3,29.460606,28.160606
629,11.3,29.498983,18.198982
630,9.8,29.517447,19.717445
631,10.700001,29.510744,18.810743
632,10.700001,29.486876,18.786875
633,10.700001,29.454596,18.754595
634,10.700001,29.420065,18.720064
635,10.700001,29.38427,18.684269
636,2.8,29.35556,26.555561
637,7.7,29.335537,21.635536
638,11.5,29.32716,17.82716
639,7.2000003,29.335455,22.135454
640,13.0,29.367575,16.367575
641,13.0,29.425379,16.425379
642,14.8,29.49735,14.6973505
643,17.4,29.562214,12.162214
644,15.1,29.613451,14.513451
645,13.7,29.66117,15.961169
646,10.5,29.702335,19.202335
647,9.0,29.731585,20.731585
648,12.4,29.759264,17.359264
649,8.400001,29.786346,21.386345
650,9.299999,29.806,20.506
651,12.6,29.83267,17.23267
652,8.5,29.85716,21.35716
653,10.1,29.887236,19.787235
654,16.6,29.914112,13.314112
655,11.5,29.915989,18.415989
656,19.3,29.889381,10.589382
657,15.599999,29.836702,14.236703
658,20.0,29.774282,9.774282
659,17.8,29.716427,11.916428
660,18.8,29.664434,10.864435
661,15.1,29.616201,14.516201
662,17.1,29.58143,12.48143
663,4.2000003,29.560946,25.360945
664,1.8000001,29.563831,27.763832
665,10.2,29.586138,19.386139
666,5.7999997,29.621292,23.821293
667,5.9,29.662102,23.762102
668,4.6,29.691671,25.091671
669,4.6,29.715431,25.11543
670,1.9999999,29.731369,27.731369
671,7.0000005,29.741547,22.741547
672,1.6999999,29.747587,28.047586
673,3.5000002,29.747845,26.247845
674,3.5000002,29.749296,26.249296
675,3.5000002,29.757183,26.257183
676,1.8000001,29.770039,27.97004
677,3.7,29.7873,26.0873
678,3.7,29.79568,26.095678
679,3.7,29.790506,26.090506
680,3.1,29.775646,26.675646
681,2.5,29.746157,27.246157
682,3.3999999,29.708204,26.308205
683,0.8,29.671366,28.871367
684,0.8,29.632755,28.832756
685,0.8,29.5948,28.794802
686,4.2000003,29.568316,25.368315
687,2.2,29.55011,27.35011
688,2.4,29.549936,27.149937
689,9.2,29.575237,20.375237
690,9.8,29.597706,19.797707
691,4.5,29.61204,25.11204
692,3.3,29.629005,26.329006
693,3.7,29.639303,25.939302
694,8.200001,29.645449,21.445448
695,9.5,29.639896,20.139896
696,3.3,29.629856,26.329857
697,5.6,29.613905,24.013905
698,2.4,29.599632,27.199633
699,6.1,29.590054,23.490053
700,2.8,29.578512,26.778513
701,0.4,29.555475,29.155476
702,6.7999997,29.523499,22.7235
703,3.8999999,29.484844,25.584845
704,6.6,29.439047,22.839046
705,1.2,29.394217,28.194216
706,0.49999997,29.358208,28.858208
707,3.3999999,29.322567,25.922567
708,3.7,29.294954,25.594954
709,4.3,29.275335,24.975334
710,2.4,29.259417,26.859417
711,7.2000003,29.25533,22.055328
712,2.3,29.27323,26.97323
713,3.3999999,29.300798,25.900799
714,3.6000001,29.333073,25.733072
715,6.5,29.358166,22.858166
716,2.8,29.371408,26.57141
717,6.3,29.37746,23.077461
718,7.8999996,29.380178,21.480179
719,3.9999998,29.374464,25.374464
720,1.6,29.362953,27.762953
721,9.5,29.34524,19.84524
722,10.0,29.329187,19.329187
723,7.4,29.312319,21.91232
724,2.8,29.292086,26.492086
725,5.2999997,29.272955,23.972956
726,8.400001,29.257793,20.857792
727,7.4,29.24889,21.84889
728,7.2000003,29.239569,22.039568
729,8.7,29.230286,20.530285
730,9.099999,29.217037,20.117039
731,5.5,29.199192,23.699192
732,7.5,29.17751,21.67751
733,5.6,29.16315,23.56315
734,7.5,29.150702,21.650702
735,6.8999996,29.14589,22.24589
736,2.6,29.151432,26.551432
737,6.7,29.160505,22.460506
738,4.8,29.169273,24.369274
739,6.7999997,29.170862,22.370863
740,0.7,29.16745,28.46745
741,4.5,29.161448,24.661448
742,5.7,29.159586,23.459587
743,3.3,29.155977,25.855978
744,2.1000001,29.153044,27.053043
745,0.1,29.145494,29.045494
746,2.5,29.141588,26.641588
747,0.4,29.134415,28.734415
748,0.49999997,29.132198,28.632198
749,0.0,29.133812,29.133812
750,2.6,29.134035,26.534035
751,2.6,29.130009,26.530008
752,1.8000001,29.118824,27.318825
753,2.7,29.102167,26.402166
754,4.1000004,29.083761,24.98376
755,4.2000003,29.069374,24.869373
756,4.2000003,29.059685,24.859684
757,3.6000001,29.05288,25.452879
758,0.6,29.055958,28.455957
759,0.3,29.072021,28.772022
760,4.2000003,29.101202,24.901201
761,4.2000003,29.133532,24.93353
762,4.2000003,29.16094,24.96094
763,3.8,29.181515,25.381516
764,1.8000001,29.196579,27.39658
765,0.99999994,29.199554,28.199554
766,3.0,29.198023,26.198023
767,2.5,29.197763,26.697763
768,4.8,29.194788,24.394787
769,5.7999997,29.192333,23.392334
770,2.5,29.191092,26.691092
771,3.2,29.201061,26.00106
772,1.6999999,29.216106,27.516106
773,5.2999997,29.234348,23.93435
774,2.6,29.249802,26.649801
775,1.3,29.258127,27.958128
776,2.5,29.24951,26.74951
777,5.5,29.232552,23.732552
778,0.7,29.213238,28.513237
779,3.3,29.19164,25.891642
780,2.3,29.17127,26.871271
781,2.8999999,29.15916,26.259161
782,3.5000002,29.158585,25.658585
783,2.8,29.171417,26.371418
784,1.9999999,29.203094,27.203094
785,3.8999999,29.240578,25.340578
786,6.0,29.28224,23.28224
787,3.0,29.322685,26.322685
788,5.9,29.357378,23.457378
789,5.4,29.387056,23.987057
790,3.8999999,29.411287,25.511288
791,4.8,29.43344,24.633438
792,3.3,29.447628,26.147629
793,2.7,29.45886,26.75886
794,0.1,29.471382,29.371382
795,2.7,29.488623,26.788622
796,0.49999997,29.510725,29.010725
797,0.49999997,29.544771,29.044771
798,0.49999997,29.569061,29.069061
799,2.7,29.573399,26.873398
800,1.6,29.547195,27.947195
801,5.7999997,29.517254,23.717255
802,5.7999997,29.482277,23.682278
803,4.9,29.451044,24.551044
804,5.2,29.428368,24.228367
805,3.1,29.412489,26.312489
806,5.7,29.395523,23.695522
807,5.4,29.407503,24.007504
808,13.3,29.453726,16.153725
809,6.7,29.512682,22.812683
810,10.0,29.580198,19.580198
811,16.1,29.641012,13.541012
812,11.4,29.689049,18.28905
813,9.7,29.732018,20.032017
814,12.4,29.755379,17.35538
815,10.1,29.770704,19.670704
816,8.099999,29.774052,21.674053
817,5.2999997,29.768337,24.468338
818,4.8,29.767,24.967
819,3.3,29.775625,26.475626
820,4.2000003,29.802164,25.602163
821,5.2,29.839792,24.639793
822,8.6,29.87271,21.272709
823,6.0,29.87571,23.87571
824,7.4,29.856867,22.456867
825,8.3,29.819397,21.519398
826,6.7,29.773127,23.073128
827,3.0,29.729181,26.729181
828,4.9,29.694275,24.794275
829,3.7,29.665878,25.965878
830,5.2999997,29.646637,24.346638
831,3.6000001,29.653315,26.053314
832,3.7,29.687605,25.987604
833,8.5,29.742525,21.242525
834,9.0,29.803848,20.803848
835,7.4,29.855942,22.455942
836,6.3,29.894577,23.594578
837,11.8,29.926691,18.12669
838,12.299999,29.948635,17.648636
839,19.4,29.968029,10.568029
840,22.2,29.974367,7.7743664
841,29.1,29.988289,0.8882885
842,26.8,30.008717,3.2087173
843,26.4,30.035608,3.6356087
844,22.3,30.078266,7.778267
845,20.2,30.125519,9.925518
846,18.599998,30.165075,11.565077
847,16.199999,30.17263,13.972631
848,7.7999997,30.146097,22.346098
849,8.9,30.104332,21.204332
850,7.8999996,30.053413,22.153414
851,6.4,29.9996,23.5996
852,13.1,29.950634,16.850634
853,11.599999,29.894814,18.294815
854,8.8,29.855246,21.055244
855,14.000001,29.828045,15.828044
856,9.299999,29.831,20.531
857,11.4,29.842999,18.442999
858,12.700001,29.85688,17.15688
859,8.200001,29.857365,21.657364
860,14.8,29.845778,15.045777
861,9.2,29.830004,20.630005
862,9.9,29.815344,19.915344
863,11.1,29.801922,18.701921
864,7.7999997,29.786577,21.986578
865,7.0000005,29.77293,22.77293
866,11.0,29.763453,18.763453
867,5.1,29.75005,24.65005
868,1.6999999,29.750832,28.05083
869,2.1000001,29.760948,27.660948
870,3.3,29.763983,26.463984
871,8.099999,29.76117,21.661171
872,7.2000003,29.740402,22.540401
873,7.2000003,29.692963,22.492962
874,4.9,29.638742,24.738743
875,5.9,29.587036,23.687037
876,8.099999,29.535332,21.435333
877,2.8999999,29.491985,26.591986
878,7.5,29.46149,21.96149
879,7.9999995,29.453241,21.453241
880,5.1,29.474958,24.374958
881,5.7999997,29.513832,23.713833
882,6.1,29.556156,23.456156
883,6.0,29.597239,23.597239
884,7.6,29.62706,22.02706
885,5.7,29.650608,23.950607
886,6.7999997,29.662668,22.862669
887,5.7,29.6649,23.964901
888,6.8999996,29.664213,22.764214
889,7.6,29.654366,22.054365
890,3.2,29.645617,26.445616
891,2.6,29.639885,27.039885
892,2.6,29.632685,27.032684
893,9.8,29.61962,19.819618
894,14.6,29.595524,14.995523
895,5.2,29.561268,24.361267
896,4.5,29.528025,25.028025
897,7.4,29.496933,22.096933
898,6.4,29.458467,23.058468
899,6.6,29.417313,22.817312
900,5.7999997,29.386065,23.586065
901,9.5,29.354641,19.854641
902,6.5,29.326666,22.826666
903,7.7999997,29.317995,21.517996
904,2.8,29.329227,26.529228
905,12.299999,29.345816,17.045816
906,7.5,29.364635,21.864635
907,8.5,29.383274,20.883274
908,9.2,29.401258,20.20126
909,11.9,29.413633,17.513634
910,4.6,29.42533,24.825329
911,9.0,29.43152,20.43152
912,12.6,29.431616,16.831615
913,11.9,29.43069,17.530691
914,10.8,29.424215,18.624214
915,10.4,29.409018,19.009018
916,10.4,29.394192,18.994192
917,7.8999996,29.383244,21.483244
918,9.2,29.368042,20.168041
919,9.299999,29.341116,20.041117
920,9.6,29.311531,19.71153
921,10.2,29.280346,19.080345
922,10.0,29.2461,19.2461
923,8.200001,29.219418,21.019417
924,8.3,29.196566,20.896564
925,10.4,29.180353,18.780354
926,10.0,29.174583,19.174583
927,15.700001,29.18913,13.48913
928,14.200001,29.238197,15.038197
929,5.5,29.301674,23.801674
930,13.2,29.365543,16.165543
931,8.7,29.436117,20.736118
932,11.2,29.485813,18.285812
933,6.7999997,29.515411,22.715412
934,6.1,29.535189,23.435188
935,3.0,29.549747,26.549747
936,8.6,29.558414,20.958414
937,4.8,29.565372,24.765373
938,4.3,29.57076,25.27076
939,6.1,29.586405,23.486404
940,4.5,29.605623,25.105623
941,10.1,29.629,19.529
942,6.2,29.641167,23.441166
943,9.099999,29.635832,20.535831
944,9.5,29.607864,20.107864
945,7.4,29.575268,22.175268
946,5.9,29.543268,23.643269
947,6.2,29.510443,23.310444
948,4.4,29.479713,25.079714
949,2.3,29.456106,27.156107
950,18.5,29.446697,10.946697
951,22.6,29.455835,6.855835
952,15.5,29.497295,13.997295
953,16.699999,29.55919,12.859192
954,15.999999,29.627012,13.627013
955,11.7,29.682062,17.982063
956,15.4,29.726103,14.326103
957,5.7,29.756966,24.056965
958,12.700001,29.775887,17.075886
959,9.7,29.7849,20.0849
960,8.7,29.789022,21.089024
961,9.7,29.807533,20.107533
962,12.8,29.827225,17.027225
963,13.9,29.851208,15.951208
964,13.1,29.898018,16.798018
965,13.9,29.9486,16.048601
966,13.9,29.996595,16.096596
967,14.6,30.029064,15.429064
968,18.7,30.037071,11.33707
969,28.800001,30.01191,1.2119083
970,20.1,29.974325,9.874325
971,20.1,29.933289,9.833288
972,22.9,29.896479,6.996479
973,18.0,29.861654,11.861654
974,26.699999,29.836882,3.1368828
975,19.6,29.820702,10.220701
976,16.699999,29.838497,13.138498
977,15.5,29.861906,14.361906
978,9.4,29.89637,20.49637
979,8.200001,29.915192,21.71519
980,9.7,29.925678,20.225677
981,6.1,29.932154,23.832153
982,8.5,29.92606,21.42606
983,5.2,29.92839,24.72839
984,9.2,29.923641,20.72364
985,7.0000005,29.914074,22.914074
986,9.4,29.914099,20.5141
987,9.099999,29.923445,20.823444
988,3.1,29.947582,26.847582
989,11.8,29.976585,18.176586
990,5.0,30.00117,25.00117
991,6.2,30.004436,23.804436
992,9.2,29.996319,20.796318
993,5.6,29.981236,24.381235
994,4.4,29.959406,25.559406
995,1.1,29.940037,28.840036
996,6.7,29.9281,23.2281
997,4.6,29.923698,25.323698
998,8.5,29.929663,21.429663
999,7.8999996,29.945202,22.045202
1000,6.7,29.966108,23.26611
1001,9.5,30.003555,20.503555
1002,7.8999996,30.052706,22.152706
1003,11.3,30.092484,18.792484
1004,10.2,30.125559,19.92556
1005,9.7,30.149511,20.449512
1006,7.2000003,30.169462,22.969461
1007,9.0,30.178371,21.178371
1008,7.7999997,30.17527,22.37527
1009,6.5,30.164883,23.664883
1010,6.5,30.15482,23.65482
1011,6.1,30.146711,24.046711
1012,7.1000004,30.15432,23.05432
1013,6.7,30.165009,23.465008
1014,3.1,30.169743,27.069742
1015,8.9,30.163214,21.263214
1016,4.8,30.140074,25.340073
1017,8.3,30.100485,21.800484
1018,6.5,30.059114,23.559114
1019,7.9999995,30.012568,22.012568
1020,1.8000001,29.969358,28.16936
1021,9.5,29.937613,20.437613
1022,7.2000003,29.919342,22.719341
1023,4.5,29.92722,25.42722
1024,4.5,29.955404,25.455404
1025,7.4,29.991724,22.591724
1026,8.400001,30.030518,21.630516
1027,10.4,30.077087,19.677088
1028,9.9,30.11551,20.215511
1029,7.4,30.136398,22.736399
1030,9.7,30.15054,20.450539
1031,8.6,30.155882,21.555882
1032,8.7,30.155767,21.455769
1033,11.9,30.15213,18.25213
1034,7.8999996,30.15053,22.25053
1035,12.0,30.14774,18.14774
1036,7.7,30.156166,22.456165
1037,9.2,30.16545,20.96545
1038,5.7,30.175804,24.475803
1039,5.7,30.157305,24.457306
1040,10.0,30.12916,20.12916
1041,4.7,30.09323,25.39323
1042,6.7,30.046738,23.346737
1043,9.4,30.001986,20.601986
1044,7.3,29.950962,22.650963
1045,3.9999998,29.906454,25.906454
1046,12.299999,29.87426,17.57426
1047,4.7,29.86484,25.16484
1048,7.7999997,29.87137,22.071371
1049,5.4,29.89252,24.492521
1050,7.9999995,29.927885,21.927885
1051,12.099999,29.956642,17.856644
1052,7.4,29.979942,22.579943
1053,6.7999997,29.997488,23.197489
1054,5.0,30.007929,25.007929
1055,10.4,30.007538,19.607538
1056,8.9,30.003454,21.103455
1057,3.8999999,30.00059,26.10059
1058,6.3,29.998737,23.698738
1059,6.4,30.000805,23.600805
1060,6.4,30.00471,23.60471
1061,8.200001,30.001307,21.801306
1062,3.8999999,29.98154,26.081541
1063,6.1,29.947182,23.847181
1064,9.9,29.89431,19.99431
1065,3.9999998,29.836767,25.836767
1066,12.2,29.783476,17.583477
1067,11.5,29.739878,18.239878
1068,3.6000001,29.703154,26.103153
1069,9.7,29.665861,19.965862
1070,10.900001,29.637686,18.737686
1071,7.5,29.634295,22.134295
1072,10.599999,29.655092,19.055092
1073,7.5,29.681818,22.181818
1074,7.2000003,29.710491,22.51049
1075,9.2,29.727009,20.527008
1076,9.0,29.734278,20.734278
1077,7.1000004,29.725203,22.625202
1078,11.0,29.716013,18.716013
1079,10.2,29.701338,19.501339
1080,6.3,29.681322,23.38132
1081,9.7,29.665632,19.965633
1082,5.7,29.653196,23.953197
1083,7.7999997,29.631275,21.831276
1084,5.4,29.604288,24.204288
1085,6.8999996,29.581528,22.681528
1086,6.3,29.56791,23.26791
1087,6.0,29.55014,23.55014
1088,10.599999,29.533998,18.933998
1089,6.3,29.516634,23.216633
1090,7.7999997,29.49177,21.69177
1091,6.5,29.470415,22.970415
1092,8.5,29.458805,20.958805
1093,9.4,29.455282,20.055283
1094,6.4,29.462933,23.062933
1095,7.8999996,29.48153,21.58153
1096,6.5,29.499228,22.999228
1097,6.7999997,29.525751,22.725752
1098,6.4,29.547205,23.147205
1099,6.4,29.565184,23.165184
1100,9.299999,29.582434,20.282434
1101,5.4,29.59081,24.190811
1102,8.099999,29.583466,21.483467
1103,6.4,29.565874,23.165874
1104,5.9,29.541319,23.64132
1105,6.2,29.526747,23.326748
1106,7.7999997,29.512794,21.712795
1107,7.6,29.500786,21.900785
1108,3.6000001,29.510386,25.910385
1109,10.4,29.528059,19.12806
1110,13.0,29.54451,16.54451
1111,7.3,29.561481,22.261482
1112,9.9,29.575422,19.675423
1113,16.199999,29.581717,13.381718
1114,6.2,29.585163,23.385162
1115,13.1,29.580608,16.480608
1116,9.9,29.55303,19.65303
1117,5.7,29.512936,23.812935
1118,7.8999996,29.482403,21.582403
1119,2.3,29.468224,27.168224
1120,4.6,29.470919,24.870918
1121,0.49999997,29.494114,28.994114
1122,0.49999997,29.517595,29.017595
1123,0.49999997,29.532858,29.032858
1124,1.9999999,29.543978,27.543978
1125,0.0,29.554655,29.554655
1126,0.0,29.56281,29.56281
1127,0.4,29.577608,29.177608
1128,1.3,29.589989,28.28999
1129,1.3,29.60126,28.30126
1130,1.3,29.614151,28.314152
1131,4.9,29.625818,24.725819
1132,1.3,29.65274,28.352741
1133,6.7,29.680235,22.980236
1134,3.6000001,29.699442,26.099442
1135,2.1000001,29.703419,27.603418
1136,2.1000001,29.69159,27.591589
1137,2.2,29.65236,27.45236
1138,5.0,29.606424,24.606424
1139,3.8,29.562643,25.762644
1140,7.9999995,29.522512,21.522512
1141,4.5,29.492218,24.992218
1142,3.1,29.479057,26.379057
1143,1.3,29.483273,28.183273
1144,6.8999996,29.502937,22.602938
1145,2.1000001,29.539919,27.439919
1146,3.2,29.576494,26.376493
1147,4.1000004,29.608719,25.508718
1148,0.6,29.634151,29.034151
1149,4.4,29.656261,25.256262
1150,6.4,29.673632,23.273632
1151,3.2,29.68941,26.489408
1152,0.7,29.694931,28.99493
1153,2.3,29.698948,27.398949
1154,5.6,29.708214,24.108213
1155,1.9999999,29.721828,27.721828
1156,6.0,29.745224,23.745224
1157,5.6,29.77926,24.17926
1158,6.7999997,29.814615,23.014616
1159,4.9,29.824867,24.924868
1160,3.8999999,29.80307,25.90307
1161,5.9,29.765093,23.865093
1162,4.8,29.718884,24.918884
1163,1.9999999,29.67368,27.67368
1164,2.3,29.629328,27.329329
1165,4.8,29.593143,24.793144
1166,4.3,29.569315,25.269314
1167,4.3,29.56752,25.26752
1168,9.8,29.597813,19.797813
1169,6.6,29.647375,23.047375
1170,1.8000001,29.702156,27.902157
1171,6.5,29.758286,23.258286
1172,4.6,29.80192,25.20192
1173,4.4,29.831871,25.431871
1174,4.4,29.863285,25.463285
1175,2.3,29.89428,27.59428
1176,3.7,29.923454,26.223454
1177,2.8,29.947054,27.147055
1178,7.5,29.966572,22.466572
1179,2.3,29.986614,27.686615
1180,1.9999999,30.009172,28.009172
1181,10.2,30.023535,19.823536
1182,9.6,30.047235,20.447235
1183,5.9,30.048426,24.148426
1184,4.2000003,30.013613,25.813612
1185,6.0,29.967932,23.967932
1186,6.8999996,29.91349,23.01349
1187,3.8999999,29.857895,25.957895
1188,3.8,29.811796,26.011797
1189,4.7,29.76916,25.06916
1190,8.200001,29.738092,21.538092
1191,5.5,29.727879,24.227879
1192,3.8,29.757265,25.957266
1193,4.4,29.811848,25.411848
1194,4.7,29.872663,25.172665
1195,7.8999996,29.92602,22.02602
1196,12.099999,29.966845,17.866844
1197,13.9,29.99895,16.09895
1198,15.700001,30.032557,14.332556
1199,13.2,30.05146,16.85146
1200,11.2,30.062687,18.862686
1201,21.199999,30.066378,8.866379
1202,25.400002,30.075441,4.67544
1203,14.7,30.0805,15.3805
1204,8.400001,30.095263,21.695263
1205,11.9,30.125315,18.225315
1206,12.2,30.152178,17.952179
1207,10.0,30.151909,20.151909
1208,6.8999996,30.129166,23.229166
1209,6.4,30.102053,23.702053
1210,6.1,30.077583,23.977583
1211,1.1,30.058228,28.958227
1212,6.2,30.027584,23.827583
1213,9.099999,29.996668,20.896667
1214,6.6,29.976536,23.376535
1215,1.8000001,29.978832,28.178833
1216,4.8,30.009167,25.209167
1217,4.4,30.054375,25.654375
1218,9.7,30.09908,20.399078
1219,7.6,30.143602,22.543602
1220,9.4,30.18805,20.78805
1221,5.2999997,30.225622,24.925623
1222,8.3,30.258837,21.958836
1223,10.2,30.287592,20.087593
1224,7.5,30.309834,22.809834
1225,7.5,30.333328,22.833328
1226,10.1,30.350168,20.250168
1227,9.299999,30.365488,21.065489
1228,7.5,30.383041,22.883041
1229,10.0,30.41236,20.41236
1230,13.599999,30.442562,16.842564
1231,14.400001,30.468699,16.068699
1232,7.7,30.467611,22.767612
1233,12.099999,30.464994,18.364994
1234,6.7999997,30.453833,23.653833
1235,7.6,30.439722,22.839722
1236,3.7,30.411835,26.711834
1237,11.4,30.392511,18.992512
1238,12.499999,30.39263,17.892632
1239,10.599999,30.423632,19.823631
1240,5.7999997,30.479918,24.679918
1241,10.599999,30.549015,19.949017
1242,10.1,30.615913,20.515913
1243,11.7,30.664152,18.964153
1244,14.000001,30.702003,16.702003
1245,10.900001,30.7312,19.8312
1246,15.3,30.75185,15.45185
1247,16.5,30.766994,14.266994
1248,9.7,30.779247,21.079247
1249,11.9,30.785074,18.885075
1250,9.8,30.79552,20.995522
1251,9.4,30.796999,21.397
1252,4.9,30.797995,25.897995
1253,14.8,30.799623,15.999623
1254,15.599999,30.793856,15.193856
1255,14.3,30.79285,16.492851
1256,14.7,30.78314,16.083141
1257,9.6,30.752504,21.152504
1258,3.2,30.70111,27.50111
1259,8.3,30.631481,22.331482
1260,10.3,30.553162,20.253162
1261,9.9,30.473167,20.573168
1262,10.900001,30.401371,19.50137
1263,11.2,30.362255,19.162254
1264,11.1,30.365988,19.265987
1265,13.4,30.365816,16.965816
1266,11.2,30.35671,19.156712
1267,23.5,30.351013,6.851013
1268,20.1,30.33764,10.23764
1269,15.799999,30.311924,14.511925
1270,17.4,30.295326,12.895327
1271,13.599999,30.273748,16.673748
1272,85.5,30.247152,-55.252846
1273,23.0,30.212736,7.212736
1274,41.1,30.18009,-10.919909
1275,17.9,30.14844,12.24844
1276,19.2,30.124365,10.924364
1277,12.6,30.108011,17.50801
1278,17.5,30.10169,12.60169
1279,11.0,30.08425,19.08425
1280,17.7,30.063248,12.363247
1281,16.5,30.04598,13.54598
1282,14.9,30.02315,15.12315
1283,12.8,30.002464,17.202465
1284,13.599999,29.98186,16.381859
1285,12.700001,29.961128,17.261127
1286,11.0,29.957844,18.957844
1287,12.099999,29.964033,17.864033
1288,12.700001,29.98377,17.28377
1289,13.599999,30.002815,16.402817
1290,13.4,30.017279,16.61728
1291,14.7,30.033474,15.333474
1292,15.799999,30.050732,14.250732
1293,13.599999,30.062822,16.462822
1294,16.3,30.072418,13.772419
1295,13.4,30.071476,16.671476
1296,14.9,30.064077,15.164078
1297,14.9,30.052242,15.152243
1298,11.599999,30.03382,18.433819
1299,8.6,30.021502,21.421501
1300,8.8,30.011885,21.211884
1301,12.4,30.008024,17.608025
1302,11.2,30.01446,18.81446
1303,17.3,30.003382,12.7033825
1304,13.3,29.974247,16.674248
1305,12.4,29.9363,17.5363
1306,12.700001,29.897953,17.197952
1307,14.000001,29.865229,15.865228
1308,9.0,29.835861,20.835861
1309,9.9,29.807293,19.907293
1310,9.7,29.779984,20.079983
1311,11.1,29.766962,18.666962
1312,11.2,29.769106,18.569107
1313,11.0,29.764368,18.764368
1314,9.0,29.74027,20.74027
1315,10.1,29.70992,19.60992
1316,13.4,29.679897,16.279898
1317,13.799999,29.649647,15.8496475
1318,13.799999,29.62287,15.82287
1319,17.1,29.595415,12.495415
1320,14.8,29.566431,14.766431
1321,9.8,29.539906,19.739906
1322,7.8999996,29.519812,21.619812
1323,12.299999,29.511745,17.211746
1324,10.2,29.51013,19.310131
1325,15.3,29.526289,14.226289
1326,13.7,29.542702,15.842702
1327,16.1,29.555779,13.455778
1328,9.6,29.563854,19.963854
1329,10.8,29.571825,18.771824
1330,9.6,29.569359,19.969358
1331,1.9,29.566292,27.666292
1332,5.6,29.565779,23.965778
1333,7.8999996,29.567635,21.667635
1334,7.0000005,29.572752,22.572752
1335,6.4,29.587193,23.187193
1336,6.2,29.61605,23.41605
1337,6.6,29.647436,23.047436
1338,8.5,29.681759,21.181759
1339,10.700001,29.711132,19.011131
1340,9.299999,29.741596,20.441597
1341,3.6000001,29.765734,26.165733
1342,5.2,29.794424,24.594425
1343,7.5,29.814104,22.314104
1344,2.6,29.822336,27.222336
1345,7.0000005,29.81523,22.81523
1346,8.5,29.8042,21.3042
1347,9.2,29.789047,20.589046
1348,6.8999996,29.77792,22.87792
1349,6.4,29.77919,23.37919
1350,9.299999,29.77256,20.47256
1351,9.299999,29.761726,20.461727
1352,10.900001,29.742794,18.842793
1353,8.8,29.723602,20.923603
1354,8.8,29.695145,20.895145
1355,11.2,29.663265,18.463264
1356,9.0,29.636732,20.636732
1357,6.7999997,29.621645,22.821646
1358,9.0,29.616293,20.616293
1359,8.3,29.632786,21.332787
1360,5.5,29.663927,24.163927
1361,6.4,29.700745,23.300745
1362,7.3,29.729458,22.429459
1363,11.599999,29.750782,18.150784
1364,7.7999997,29.751266,21.951267
1365,9.6,29.7316,20.1316
1366,11.3,29.712776,18.412777
1367,10.1,29.689695,19.589695
1368,8.400001,29.668825,21.268826
1369,7.7999997,29.651197,21.851198
1370,13.1,29.638144,16.538143
1371,14.200001,29.627567,15.427567
1372,8.3,29.629051,21.329052
1373,14.7,29.635454,14.935454
1374,9.5,29.652502,20.152502
1375,10.0,29.652487,19.652487
1376,14.000001,29.625782,15.625781
1377,7.3,29.587164,22.287163
1378,6.6,29.53828,22.93828
1379,7.9999995,29.494022,21.494022
1380,12.700001,29.454634,16.754633
1381,5.1,29.423119,24.323118
1382,8.9,29.407162,20.507162
1383,10.1,29.419594,19.319593
1384,12.700001,29.456718,16.756718
1385,17.0,29.508799,12.508799
1386,10.1,29.573608,19.473608
1387,7.8999996,29.633493,21.733494
1388,4.5,29.686058,25.186058
1389,12.0,29.733349,17.733349
1390,9.9,29.778902,19.878902
1391,5.4,29.816357,24.416357
1392,6.0,29.846743,23.846743
1393,7.7999997,29.856804,22.056805
1394,3.6000001,29.867697,26.267696
1395,6.5,29.87787,23.37787
1396,8.099999,29.89546,21.79546
1397,4.8,29.92157,25.12157
1398,5.2999997,29.941711,24.641712
1399,1.6999999,29.922153,28.222153
1400,4.8,29.875504,25.075504
1401,4.8,29.815308,25.015308
1402,0.90000004,29.755903,28.855904
1403,3.8999999,29.703684,25.803684
1404,2.6,29.656458,27.056458
1405,2.1000001,29.62403,27.524029
1406,1.9999999,29.604486,27.604486
1407,0.99999994,29.625795,28.625795
1408,3.5000002,29.681292,26.181292
1409,3.8,29.758337,25.958338
1410,6.6,29.841064,23.241064
1411,2.1000001,29.912054,27.812054
1412,2.2,29.972862,27.772861
1413,4.1000004,30.022371,25.92237
1414,3.2,30.048426,26.848425
1415,5.1,30.052963,24.952963
1416,5.4,30.046387,24.646387
1417,3.8,30.028381,26.228382
1418,5.2,30.005342,24.805344
1419,3.3,29.969519,26.66952
1420,4.7,29.936285,25.236286
1421,4.3,29.901512,25.601513
1422,1.4,29.868101,28.468102
1423,5.9,29.829338,23.929338
1424,5.4,29.775272,24.375273
1425,4.6,29.718609,25.118608
1426,3.8999999,29.670229,25.77023
1427,7.2000003,29.622786,22.422785
1428,6.1,29.58027,23.48027
1429,1.6,29.54374,27.943739
1430,2.1000001,29.53165,27.43165
1431,6.1,29.560045,23.460045
1432,6.2,29.63459,23.43459
1433,5.7,29.72456,24.024559
1434,5.0,29.818922,24.818922
1435,7.7,29.901093,22.201092
1436,5.9,29.971348,24.071348
1437,8.8,30.015556,21.215557
1438,12.6,30.04994,17.44994
1439,7.5,30.074581,22.574581
1440,9.9,30.092936,20.192936
1441,12.2,30.094694,17.894695
1442,13.599999,30.086342,16.486343
1443,8.6,30.083445,21.483444
1444,9.6,30.088364,20.488363
1445,12.299999,30.10218,17.802181
1446,8.099999,30.11708,22.017082
1447,9.0,30.10435,21.10435
1448,8.7,30.056252,21.35625
1449,10.5,29.977205,19.477205
1450,7.9999995,29.870876,21.870876
1451,8.9,29.767693,20.867693
1452,8.200001,29.679949,21.479948
1453,9.9,29.598135,19.698135
1454,8.9,29.548674,20.648674
1455,8.3,29.543516,21.243515
1456,11.4,29.592554,18.192554
1457,10.700001,29.662064,18.962063
1458,5.6,29.73201,24.13201
1459,14.5,29.80143,15.30143
1460,13.4,29.85647,16.45647
1461,9.6,29.90474,20.304739
1462,10.1,29.947151,19.84715
1463,14.200001,29.984564,15.784563
1464,12.700001,30.01012,17.31012
1465,14.000001,30.033989,16.033989
1466,14.5,30.048203,15.5482025
1467,15.799999,30.052507,14.252508
1468,13.9,30.058125,16.158125
1469,10.900001,30.06528,19.16528
1470,15.900001,30.06685,14.16685
1471,16.699999,30.037691,13.337692
1472,12.099999,29.96768,17.86768
1473,10.5,29.869623,19.369623
1474,10.900001,29.758768,18.858768
1475,8.400001,29.658287,21.258286
1476,12.0,29.5746,17.5746
1477,6.6,29.511227,22.911226
1478,11.8,29.474747,17.674747
1479,10.5,29.496342,18.996342
1480,10.700001,29.564224,18.864223
1481,11.1,29.646181,18.54618
1482,9.2,29.73442,20.53442
1483,9.7,29.823845,20.123844
1484,8.7,29.900043,21.200043
1485,10.900001,29.963947,19.063946
1486,10.5,30.005743,19.505743
1487,14.099999,30.03478,15.934781
1488,8.9,30.054262,21.154263
1489,7.4,30.06701,22.667011
1490,8.6,30.073618,21.473618
1491,5.9,30.079414,24.179415
1492,6.8999996,30.101727,23.201727
1493,4.6,30.141539,25.541538
1494,3.0,30.199337,27.199337
1495,8.200001,30.23214,22.032139
1496,5.2,30.229956,25.029957
1497,7.7999997,30.190836,22.390837
1498,6.5,30.126297,23.626297
1499,6.6,30.065401,23.4654
1500,7.8999996,30.016768,22.116768
1501,6.6,29.972042,23.372042
1502,11.2,29.961365,18.761364
1503,9.0,29.992178,20.992178
1504,11.3,30.049437,18.749435
1505,8.099999,30.109186,22.009186
1506,7.6,30.173388,22.573387
1507,8.400001,30.230892,21.83089
1508,7.5,30.28388,22.78388
1509,4.5,30.336985,25.836985
1510,7.8999996,30.379416,22.479416
1511,10.599999,30.417994,19.817993
1512,6.0,30.457087,24.457087
1513,4.7,30.496124,25.796124
1514,7.7,30.520102,22.820103
1515,7.7999997,30.542582,22.742582
1516,8.8,30.571812,21.771812
1517,6.0,30.611435,24.611435
1518,5.7,30.650908,24.950909
1519,6.7999997,30.690939,23.89094
1520,9.299999,30.706526,21.406527
1521,8.200001,30.701033,22.501032
1522,6.3,30.674774,24.374775
1523,4.2000003,30.636766,26.436766
1524,4.5,30.57439,26.07439
1525,4.9,30.506592,25.606592
1526,7.7999997,30.4467,22.6467
1527,5.6,30.42254,24.82254
1528,9.0,30.398115,21.398115
1529,7.8999996,30.368618,22.468618
1530,6.2,30.34687,24.14687
1531,9.0,30.313091,21.313091
1532,7.2000003,30.274921,23.07492
1533,7.7,30.243189,22.54319
1534,6.5,30.212296,23.712296
1535,11.3,30.18065,18.88065
1536,4.9,30.158957,25.258957
1537,9.0,30.135065,21.135065
1538,5.4,30.11226,24.712261
1539,7.1000004,30.10056,23.000559
1540,6.4,30.097136,23.697136
1541,6.0,30.09674,24.09674
1542,9.8,30.09482,20.294819
1543,12.8,30.074886,17.274887
1544,0.99999994,30.01663,29.01663
1545,2.3,29.933468,27.633469
1546,9.9,29.835287,19.935287
1547,8.6,29.738876,21.138876
1548,6.2,29.66488,23.464882
1549,6.8999996,29.595146,22.695147
1550,7.7,29.550222,21.850224
1551,10.700001,29.530005,18.830004
1552,6.1,29.540525,23.440525
1553,14.000001,29.577877,15.577876
1554,15.1,29.626871,14.526871
1555,11.0,29.6719,18.6719
1556,11.8,29.710003,17.910004
1557,9.5,29.744999,20.244999
1558,7.7,29.786118,22.086117
1559,11.3,29.814688,18.514687
1560,11.2,29.836128,18.636127
1561,12.700001,29.85627,17.15627
1562,6.7,29.866789,23.16679
1563,7.7,29.866879,22.166878
1564,4.1000004,29.87579,25.77579
1565,9.5,29.866486,20.366486
1566,3.8,29.835896,26.035896
1567,3.1,29.79684,26.69684
1568,5.7,29.741463,24.041462
1569,7.2000003,29.675217,22.475216
1570,3.0,29.602787,26.602787
1571,4.2000003,29.54232,25.34232
1572,4.5,29.483763,24.983763
1573,6.7,29.439274,22.739273
1574,2.7,29.4169,26.7169
1575,5.0,29.428257,24.428257
1576,8.5,29.477434,20.977434
1577,9.2,29.55096,20.35096
1578,10.0,29.633675,19.633675
1579,5.4,29.710709,24.310709
1580,8.099999,29.780676,21.680676
1581,9.099999,29.840769,20.740768
1582,12.4,29.89249,17.49249
1583,9.099999,29.938084,20.838085
1584,12.2,29.975737,17.775738
1585,8.8,30.000633,21.200634
1586,5.7999997,30.010967,24.210968
1587,9.6,30.0157,20.415699
1588,4.5,30.02693,25.52693
1589,10.5,30.035784,19.535784
1590,5.2999997,30.046547,24.746548
1591,3.7,30.043571,26.34357
1592,7.4,30.006083,22.606083
1593,10.5,29.942215,19.442215
1594,8.200001,29.860529,21.660528
1595,9.9,29.78804,19.88804
1596,9.8,29.727535,19.927536
1597,9.6,29.676037,20.076036
1598,12.299999,29.648335,17.348335
1599,9.0,29.647507,20.647507
1600,5.9,29.687351,23.787352
1601,9.8,29.745737,19.945736
1602,9.4,29.800863,20.400864
1603,11.5,29.847042,18.347042
1604,13.7,29.868616,16.168617
1605,10.900001,29.877947,18.977947
1606,12.0,29.87254,17.87254
1607,6.1,29.852713,23.752712
1608,12.499999,29.825373,17.325375
1609,11.8,29.792355,17.992355
1610,14.5,29.76175,15.261749
1611,12.4,29.74212,17.342121
1612,12.4,29.726212,17.326212
1613,9.2,29.716639,20.51664
1614,15.999999,29.710756,13.710757
1615,10.700001,29.68515,18.98515
1616,10.700001,29.645628,18.945627
1617,9.9,29.603243,19.703243
1618,6.7,29.55808,22.858082
1619,6.2,29.517332,23.317333
1620,4.8,29.485786,24.685787
1621,5.0,29.464125,24.464125
1622,6.1,29.456158,23.356157
1623,5.9,29.461561,23.561562
1624,9.099999,29.48757,20.38757
1625,12.099999,29.51643,17.416431
1626,13.0,29.54934,16.54934
1627,14.6,29.580477,14.980476
1628,13.0,29.607311,16.607311
1629,13.5,29.635635,16.135635
1630,10.700001,29.657816,18.957815
1631,20.1,29.675848,9.575848
1632,12.099999,29.68562,17.58562
1633,6.8999996,29.695604,22.795605
1634,5.2999997,29.702162,24.402163
1635,6.1,29.701279,23.601278
1636,1.9,29.707533,27.807533
1637,3.1,29.726015,26.626015
1638,0.8,29.736826,28.936827
1639,3.3999999,29.734444,26.334444
1640,7.4,29.711832,22.311832
1641,7.7,29.65669,21.956692
1642,7.9999995,29.600996,21.600996
1643,7.9999995,29.546486,21.546486
1644,6.3,29.490494,23.190495
1645,2.6,29.436474,26.836473
1646,2.5,29.399967,26.899967
1647,6.0,29.386747,23.386747
1648,9.0,29.386156,20.386156
1649,5.9,29.393232,23.493233
1650,5.6,29.4027,23.8027
1651,5.6,29.415987,23.815987
1652,7.9999995,29.422249,21.422249
1653,0.0,29.42818,29.42818
1654,5.0,29.430532,24.430532
1655,6.0,29.43058,23.43058
1656,2.8,29.426529,26.62653
1657,3.8,29.41609,25.61609
1658,4.1000004,29.401329,25.301329
1659,6.4,29.39851,22.99851
1660,4.5,29.404789,24.904789
1661,4.1000004,29.422375,25.322374
1662,7.4,29.444418,22.044418
1663,5.1,29.453661,24.35366
1664,0.8,29.44227,28.642271
1665,4.9,29.419823,24.519823
1666,3.3999999,29.396866,25.996866
1667,3.3999999,29.36018,25.96018
1668,0.99999994,29.33308,28.33308
1669,6.1,29.311186,23.211185
1670,5.2999997,29.309849,24.00985
1671,5.2999997,29.332384,24.032385
1672,7.2000003,29.371447,22.171446
1673,7.0000005,29.416296,22.416296
1674,5.0,29.456982,24.456982
1675,3.5000002,29.499155,25.999155
1676,3.6000001,29.543621,25.94362
1677,4.7,29.576876,24.876877
1678,6.5,29.602165,23.102165
1679,6.7999997,29.626202,22.826202
1680,4.8,29.644506,24.844505
1681,0.3,29.650606,29.350607
1682,7.4,29.652237,22.252237
1683,4.6,29.64749,25.04749
1684,6.3,29.64256,23.34256
1685,3.9999998,29.636507,25.636507
1686,2.3,29.637344,27.337345
1687,5.6,29.631218,24.031218
1688,7.9999995,29.609434,21.609434
1689,6.7999997,29.583273,22.783274
1690,10.1,29.550495,19.450495
1691,5.4,29.51915,24.11915
1692,5.2,29.495186,24.295185
1693,12.299999,29.476755,17.176756
1694,8.8,29.470718,20.67072
1695,10.2,29.493166,19.293167
1696,8.400001,29.543615,21.143616
1697,9.4,29.604597,20.204597
1698,9.299999,29.675407,20.375408
1699,7.7999997,29.737171,21.937172
1700,6.5,29.778278,23.278278
1701,8.5,29.804865,21.304865
1702,7.4,29.810514,22.410515
1703,9.8,29.807158,20.007156
1704,9.2,29.792593,20.592594
1705,6.6,29.77127,23.17127
1706,10.8,29.740559,18.94056
1707,8.400001,29.70887,21.308868
1708,7.5,29.67979,22.17979
1709,5.9,29.65862,23.758621
1710,7.0000005,29.64391,22.64391
1711,6.0,29.621628,23.621628
1712,6.4,29.592686,23.192686
1713,10.0,29.546103,19.546103
1714,11.4,29.500498,18.100498
1715,7.6,29.457296,21.857296
1716,6.7999997,29.426285,22.626286
1717,7.8999996,29.403631,21.503632
1718,5.9,29.387514,23.487514
1719,18.4,29.38773,10.98773
1720,52.4,29.412691,-22.98731
1721,14.9,29.434229,14.534229
1722,8.7,29.453531,20.753532
1723,17.2,29.475605,12.275604
1724,16.1,29.497614,13.397614
1725,30.4,29.520111,-0.87988853
1726,35.2,29.531214,-5.668787
1727,19.1,29.53841,10.43841
1728,26.099998,29.54355,3.443552
1729,13.3,29.552788,16.252789
1730,17.0,29.559095,12.559095
1731,13.4,29.563086,16.163086
1732,13.0,29.565924,16.565924
1733,16.800001,29.574097,12.774096
1734,11.1,29.580471,18.48047
1735,13.5,29.576208,16.076208
1736,9.4,29.557892,20.157892
1737,13.2,29.53804,16.33804
1738,9.4,29.519001,20.119001
1739,7.3,29.503813,22.203812
1740,11.1,29.50188,18.40188
1741,8.7,29.51106,20.811062
1742,9.0,29.539038,20.539038
1743,11.4,29.605026,18.205027
1744,16.5,29.70677,13.20677
1745,11.9,29.82812,17.92812
1746,14.9,29.951857,15.051857
1747,10.1,30.065447,19.965446
1748,14.200001,30.17516,15.975159
1749,9.6,30.266354,20.666353
1750,8.400001,30.33773,21.937729
1751,15.0,30.400017,15.400017
1752,14.000001,30.449587,16.449585
1753,10.3,30.488207,20.188206
1754,14.8,30.514778,15.714778
1755,14.400001,30.528463,16.128464
1756,13.7,30.526627,16.826626
1757,14.6,30.518244,15.918243
1758,13.7,30.506422,16.806423
1759,14.3,30.479626,16.179626
1760,14.099999,30.429106,16.329105
1761,10.3,30.355356,20.055355
1762,6.7,30.280546,23.580547
1763,5.1,30.20105,25.10105
1764,11.0,30.125137,19.125137
1765,1.5,30.062485,28.562485
1766,2.8999999,30.022861,27.122862
1767,10.3,29.991096,19.691097
1768,9.0,29.969433,20.969433
1769,2.1000001,29.94714,27.84714
1770,5.0,29.921135,24.921135
1771,5.7,29.888111,24.18811
1772,6.5,29.846773,23.346773
1773,3.8,29.809082,26.009083
1774,4.6,29.768116,25.168116
1775,3.3999999,29.718,26.318
1776,6.0,29.676695,23.676695
1777,5.1,29.64049,24.54049
1778,3.1,29.608414,26.508413
1779,2.7,29.594862,26.894861
1780,3.1,29.594479,26.494478
1781,8.7,29.605743,20.905743
1782,5.6,29.623457,24.023457
1783,2.3,29.623955,27.323956
1784,2.8999999,29.607454,26.707455
1785,2.4,29.571814,27.171814
1786,6.6,29.523539,22.923538
1787,4.5,29.48121,24.98121
1788,2.8,29.445627,26.645628
1789,6.5,29.418242,22.918242
1790,3.3999999,29.412643,26.012644
1791,1.8000001,29.418657,27.618658
1792,4.7,29.435593,24.735592
1793,1.6999999,29.466772,27.766771
1794,1.6999999,29.499598,27.799597
1795,3.3999999,29.527636,26.127636
1796,5.6,29.543192,23.943192
1797,5.0,29.557552,24.557552
1798,4.8,29.56508,24.76508
1799,7.4,29.571667,22.171667
1800,6.4,29.56847,23.16847
1801,5.2,29.56515,24.36515
1802,3.9999998,29.560543,25.560543
1803,3.3999999,29.559452,26.159452
1804,8.5,29.569418,21.069418
1805,4.2000003,29.584997,25.384996
1806,6.5,29.60606,23.10606
1807,5.2,29.61298,24.41298
1808,4.4,29.604103,25.204103
1809,5.7,29.582445,23.882446
1810,3.3,29.556726,26.256727
1811,0.99999994,29.525642,28.525642
1812,0.99999994,29.50004,28.50004
1813,0.3,29.48276,29.18276
1814,2.7,29.475872,26.775871
1815,4.4,29.493685,25.093685
1816,3.8999999,29.526491,25.626492
1817,2.5,29.574259,27.074259
1818,3.1,29.616632,26.516632
1819,3.8999999,29.661217,25.761217
1820,8.8,29.699068,20.899067
1821,1.5,29.728466,28.228466
1822,2.5,29.755726,27.255726
1823,3.3,29.778908,26.478909
1824,8.400001,29.794722,21.394722
1825,13.0,29.805433,16.805433
1826,18.599998,29.815104,11.215105
1827,27.599998,29.825281,2.2252827
1828,29.2,29.846678,0.646677
1829,29.3,29.880533,0.580534
1830,22.5,29.927076,7.4270763
1831,19.5,29.96715,10.46715
1832,13.2,29.99682,16.796822
1833,6.0,29.992636,23.992636
1834,10.599999,29.982399,19.3824
1835,11.4,29.960985,18.560986
1836,8.7,29.94225,21.242249
1837,14.9,29.919777,15.019777
1838,11.5,29.913322,18.413322
1839,10.4,29.952148,19.552149
1840,8.5,30.01309,21.51309
1841,12.099999,30.08094,17.980942
1842,14.200001,30.141712,15.941711
1843,14.7,30.195766,15.495767
1844,17.5,30.244701,12.744701
1845,11.8,30.286707,18.486706
1846,14.400001,30.319908,15.919908
1847,8.7,30.355143,21.655144
1848,15.1,30.387913,15.287912
1849,15.799999,30.416595,14.616596
1850,17.8,30.450523,12.650524
1851,15.0,30.462965,15.462965
1852,13.5,30.488249,16.988249
1853,21.9,30.520412,8.620413
1854,19.1,30.549208,11.449207
1855,38.9,30.569893,-8.330109
1856,33.399998,30.563416,-2.8365822
1857,24.300001,30.527962,6.2279606
1858,15.999999,30.467693,14.467694
1859,15.0,30.37898,15.378981
1860,19.1,30.287893,11.187893
1861,18.9,30.20964,11.309641
1862,8.200001,30.150805,21.950804
1863,13.7,30.119406,16.419407
1864,9.299999,30.106754,20.806755
1865,10.0,30.109013,20.109013
1866,15.0,30.118994,15.118994
1867,16.800001,30.130436,13.330435
1868,15.900001,30.140686,14.240685
1869,13.0,30.150866,17.150866
1870,14.9,30.157503,15.2575035
1871,16.800001,30.162865,13.362864
1872,17.9,30.15804,12.258039
1873,16.9,30.139505,13.239506
1874,16.699999,30.121408,13.42141
1875,17.0,30.102598,13.102598
1876,19.2,30.096817,10.896816
1877,16.6,30.0985,13.498499
1878,16.800001,30.113943,13.313942
1879,14.8,30.12534,15.325339
1880,10.1,30.122398,20.022398
1881,6.6,30.105125,23.505125
1882,9.4,30.07547,20.67547
1883,9.299999,30.040262,20.740263
1884,7.1000004,30.008265,22.908264
1885,11.0,29.99074,18.99074
1886,7.0000005,29.992212,22.992212
1887,9.5,30.006212,20.506212
1888,6.7999997,30.038807,23.238808
1889,6.5,30.071764,23.571764
1890,5.7999997,30.107235,24.307236
1891,7.9999995,30.133366,22.133366
1892,7.4,30.152279,22.75228
1893,5.2,30.168432,24.968433
1894,5.6,30.181717,24.581717
1895,8.5,30.180376,21.680376
1896,6.7,30.176886,23.476887
1897,3.9999998,30.157566,26.157566
1898,9.7,30.131363,20.431362
1899,3.5000002,30.105928,26.605928
1900,3.5000002,30.090773,26.590773
1901,0.6,30.077604,29.477604
1902,1.4,30.066826,28.666826
1903,1.6,30.050303,28.450302
1904,1.4,30.02675,28.62675
1905,1.9999999,29.987328,27.987328
1906,3.1,29.950071,26.85007
1907,4.8,29.916214,25.116215
1908,6.5,29.885256,23.385256
1909,0.3,29.8687,29.5687
1910,0.4,29.874672,29.474672
1911,2.8,29.896072,27.096073
1912,5.7,29.933199,24.2332
1913,3.3,29.973022,26.673023
1914,3.3,30.012737,26.712738
1915,3.3,30.057045,26.757046
1916,4.5,30.09199,25.59199
1917,2.3,30.11835,27.81835
1918,3.8,30.147987,26.347988
1919,0.3,30.17541,29.87541
1920,3.0,30.184137,27.184137
1921,6.5,30.187101,23.687101
1922,2.3,30.176695,27.876696
1923,2.6,30.155373,27.555372
1924,0.4,30.121616,29.721617
1925,0.4,30.063646,29.663647
1926,1.2,29.99269,28.792688
1927,1.2,29.91715,28.71715
1928,1.8000001,29.843102,28.043102
1929,1.9,29.764069,27.864069
1930,0.90000004,29.690493,28.790493
1931,8.9,29.619083,20.719084
1932,6.2,29.553331,23.353333
1933,6.3,29.504763,23.204762
1934,7.7,29.473518,21.773518
1935,7.3,29.469038,22.169037
1936,14.8,29.485813,14.685813
1937,9.0,29.504393,20.504393
1938,13.3,29.531462,16.23146
1939,12.900001,29.553585,16.653584
1940,8.6,29.578152,20.978151
1941,6.2,29.597939,23.397938
1942,6.1,29.613214,23.513214
1943,7.0000005,29.626171,22.626171
1944,6.2,29.629599,23.4296
1945,4.5,29.626453,25.126453
1946,4.6,29.62261,25.02261
1947,7.0000005,29.62734,22.62734
1948,0.90000004,29.636995,28.736996
1949,4.5,29.654488,25.154488
1950,5.2999997,29.683945,24.383945
1951,8.9,29.700457,20.800457
1952,9.5,29.702173,20.202173
1953,3.6000001,29.684889,26.084888
1954,6.7,29.658495,22.958496
1955,6.3,29.630451,23.330452
1956,3.3999999,29.605547,26.205547
1957,3.8999999,29.58421,25.68421
1958,11.2,29.572338,18.372337
1959,4.1000004,29.58412,25.48412
1960,2.1000001,29.61015,27.510149
1961,4.9,29.643322,24.743322
1962,5.9,29.67884,23.778841
1963,9.2,29.711815,20.511814
1964,6.2,29.738686,23.538685
1965,5.5,29.763996,24.263996
1966,3.8,29.781025,25.981026
1967,5.7999997,29.793322,23.993322
1968,6.7,29.797232,23.097233
1969,5.5,29.79768,24.29768
1970,7.9999995,29.798927,21.798927
1971,7.7999997,29.808407,22.008408
1972,6.8999996,29.828037,22.928038
1973,8.8,29.855843,21.055843
1974,6.6,29.894392,23.294392
1975,3.3,29.926628,26.626629
1976,6.6,29.926867,23.326866
1977,7.8999996,29.905048,22.005049
1978,5.2,29.874805,24.674805
1979,6.5,29.848513,23.348513
1980,5.4,29.823029,24.423029
1981,4.6,29.801044,25.201044
1982,5.2999997,29.794891,24.494892
1983,6.6,29.806877,23.206877
1984,6.8999996,29.843546,22.943546
1985,2.7,29.885191,27.18519
1986,3.8,29.921295,26.121296
1987,3.9999998,29.955671,25.955671
1988,7.2000003,29.987837,22.787836
1989,4.1000004,30.009787,25.909786
1990,6.7,30.0309,23.330898
1991,7.1000004,30.043123,22.943123
1992,5.6,30.039999,24.439999
1993,3.3999999,30.03282,26.63282
1994,1.9999999,30.021473,28.021473
1995,4.1000004,30.012112,25.912111
1996,4.4,30.0088,25.6088
1997,3.0,30.019503,27.019503
1998,1.1,30.034966,28.934965
1999,5.6,30.048012,24.448011
2000,4.2000003,30.033438,25.833437
2001,2.4,29.993988,27.593988
2002,3.7,29.921677,26.221676
2003,5.2,29.855677,24.655678
2004,5.2999997,29.797062,24.497063
2005,15.1,29.751333,14.651333
2006,14.5,29.719027,15.219027
2007,14.9,29.708082,14.808083
2008,11.599999,29.713919,18.113918
2009,11.7,29.72348,18.02348
2010,8.200001,29.736774,21.536774
2011,9.0,29.747772,20.747772
2012,16.1,29.763062,13.663061
2013,8.099999,29.779028,21.679028
2014,9.8,29.792814,19.992813
2015,20.1,29.803118,9.703117
2016,22.4,29.806679,7.406679
2017,25.3,29.799486,4.499487
2018,22.5,29.79812,7.2981205
2019,16.699999,29.796793,13.096794
2020,17.9,29.816803,11.916803
2021,3.8999999,29.85153,25.95153
2022,12.4,29.888914,17.488914
2023,11.3,29.9248,18.624802
2024,9.0,29.944624,20.944624
2025,8.6,29.955273,21.355272
2026,2.7,29.952957,27.252956
2027,7.5,29.944014,22.444014
2028,7.7999997,29.934694,22.134695
2029,7.0000005,29.92125,22.92125
2030,6.2,29.921265,23.721264
2031,8.6,29.934498,21.334497
2032,12.2,29.973377,17.773376
2033,4.8,30.026405,25.226406
2034,10.0,30.08699,20.08699
2035,14.200001,30.139359,15.939358
2036,9.5,30.188812,20.688812
2037,12.0,30.224085,18.224085
2038,9.099999,30.24654,21.146542
2039,12.0,30.254255,18.254255
2040,5.0,30.259647,25.259647
2041,13.2,30.25697,17.056969
2042,18.4,30.251156,11.851156
2043,18.4,30.24485,11.844851
2044,19.1,30.244137,11.144136
2045,18.8,30.245659,11.44566
2046,16.199999,30.255108,14.055109
2047,17.0,30.249529,13.249529
2048,10.599999,30.227129,19.627129
2049,11.599999,30.19728,18.597282
2050,9.7,30.154707,20.454708
2051,6.3,30.104593,23.804592
2052,5.5,30.045465,24.545465
2053,2.6,29.990652,27.390652
2054,6.3,29.959883,23.659882
2055,11.4,29.942715,18.542715
2056,11.4,29.96265,18.56265
2057,9.6,30.001575,20.401575
2058,13.9,30.036211,16.136211
2059,9.0,30.074343,21.074343
2060,10.3,30.102753,19.802753
2061,7.7999997,30.117052,22.317053
2062,5.7,30.131105,24.431107
2063,11.4,30.134768,18.734768
2064,12.099999,30.12692,18.02692
2065,13.1,30.114363,17.014362
2066,12.6,30.07626,17.47626
2067,11.8,30.039755,18.239754
2068,13.7,30.001747,16.301746
2069,6.7,29.962631,23.26263
2070,3.7,29.927874,26.227873
2071,5.1,29.88778,24.787779
2072,9.7,29.85386,20.153862
2073,3.8999999,29.808922,25.908922
2074,12.6,29.754627,17.154627
2075,4.2000003,29.707697,25.507696
2076,9.8,29.662233,19.862232
2077,6.0,29.621187,23.621187
2078,9.7,29.599876,19.899876
2079,8.400001,29.58854,21.188538
2080,11.3,29.582176,18.282177
2081,7.3,29.584526,22.284527
2082,8.400001,29.578564,21.178562
2083,4.2000003,29.574802,25.374802
2084,8.099999,29.568975,21.468975
2085,3.3999999,29.567564,26.167564
2086,0.99999994,29.56754,28.56754
2087,5.2,29.56374,24.363739
2088,8.200001,29.549664,21.349663
2089,5.6,29.534475,23.934475
2090,5.6,29.519226,23.919226
2091,3.2,29.502674,26.302673
2092,3.3999999,29.484657,26.084658
2093,3.6000001,29.47137,25.87137
2094,6.6,29.460972,22.860971
2095,6.6,29.449562,22.849562
2096,1.4,29.429474,28.029474
2097,4.1000004,29.407307,25.307306
2098,1.8000001,29.378155,27.578156
2099,5.5,29.349432,23.849432
2100,1.3,29.322289,28.02229
2101,3.9999998,29.302282,25.302282
2102,5.7999997,29.292282,23.492283
2103,5.2999997,29.29206,23.992062
2104,1.9,29.310564,27.410564
2105,0.6,29.320808,28.720808
2106,1.8000001,29.326519,27.52652
2107,4.3,29.334883,25.034882
2108,6.1,29.341448,23.241447
2109,1.8000001,29.34312,27.543121
2110,4.1000004,29.343813,25.243813
2111,3.8,29.342447,25.542448
2112,8.8,29.335184,20.535183
2113,10.0,29.322346,19.322346
2114,6.6,29.309431,22.70943
2115,6.2,29.301497,23.101498
2116,4.9,29.303848,24.403849
2117,3.1,29.32018,26.22018
2118,9.099999,29.339993,20.239994
2119,9.099999,29.3624,20.262402
2120,4.6,29.374872,24.774872
2121,1.2,29.370579,28.170578
2122,6.5,29.35871,22.85871
2123,2.7,29.346258,26.646257
2124,1.9999999,29.332315,27.332315
2125,5.2999997,29.31999,24.01999
2126,6.8999996,29.327833,22.427834
2127,7.1000004,29.356655,22.256655
2128,8.9,29.403538,20.503538
2129,11.0,29.459885,18.459885
2130,12.900001,29.515734,16.615734
2131,16.9,29.555864,12.655865
2132,9.2,29.592966,20.392967
2133,10.8,29.622467,18.822468
2134,6.3,29.639864,23.339863
2135,6.5,29.65421,23.15421
2136,6.0,29.660917,23.660917
2137,5.2999997,29.65766,24.35766
2138,8.9,29.645342,20.745342
2139,8.3,29.636593,21.336594
2140,4.8,29.634466,24.834465
2141,3.3999999,29.64412,26.24412
2142,5.4,29.668854,24.268854
2143,3.3,29.682781,26.382782
2144,7.0000005,29.67174,22.67174
2145,2.4,29.642086,27.242086
2146,9.5,29.604193,20.104193
2147,3.8,29.560526,25.760527
2148,2.2,29.523552,27.323551
2149,3.8999999,29.4892,25.589201
2150,3.8999999,29.466053,25.566053
2151,5.2,29.467398,24.267399
2152,5.2999997,29.49361,24.193611
2153,6.0,29.527676,23.527676
2154,4.1000004,29.562906,25.462906
2155,6.4,29.596916,23.196917
2156,11.5,29.629309,18.129309
2157,8.400001,29.653057,21.253056
2158,11.1,29.679146,18.579145
2159,13.599999,29.703003,16.103004
2160,23.6,29.72327,6.12327
2161,18.1,29.738241,11.638241
2162,12.6,29.74763,17.147629
2163,23.900002,29.763664,5.8636627
2164,19.6,29.789948,10.189947
2165,13.5,29.831348,16.331348
2166,8.099999,29.873444,21.773445
2167,10.3,29.903646,19.603645
2168,9.6,29.892097,20.292097
2169,3.7,29.844341,26.14434
2170,9.299999,29.778217,20.478218
2171,7.8999996,29.710258,21.810259
2172,8.9,29.646063,20.746063
2173,9.2,29.586973,20.386974
2174,6.7,29.556751,22.85675
2175,4.2000003,29.556118,25.356117
2176,2.4,29.588081,27.188082
2177,2.3,29.645859,27.34586
2178,7.0000005,29.701178,22.701178
2179,8.7,29.745394,21.045395
2180,7.2000003,29.780935,22.580935
2181,8.200001,29.815565,21.615564
2182,7.1000004,29.850601,22.7506
2183,8.6,29.878288,21.278288
2184,9.299999,29.895782,20.595783
2185,8.400001,29.912775,21.512775
2186,9.4,29.92676,20.52676
2187,10.700001,29.948492,19.248491
2188,12.499999,29.981281,17.481281
2189,12.499999,30.029152,17.529152
2190,4.3,30.070911,25.770912
2191,9.0,30.105251,21.105251
2192,3.3,30.10837,26.80837
2193,6.8999996,30.096298,23.196299
2194,6.8999996,30.059263,23.159264
2195,3.7,30.016148,26.316147
2196,3.5000002,29.97597,26.47597
2197,2.1000001,29.948965,27.848965
2198,6.2,29.95675,23.756752
2199,5.5,29.98697,24.48697
2200,5.1,30.060366,24.960365
2201,7.1000004,30.147758,23.047758
2202,4.2000003,30.231243,26.031242
2203,4.8,30.310991,25.51099
2204,2.5,30.384506,27.884506
2205,7.1000004,30.449049,23.349049
2206,6.5,30.49974,23.99974
2207,10.0,30.54061,20.54061
2208,3.8,30.569885,26.769886
2209,7.1000004,30.586296,23.486296
2210,5.1,30.594536,25.494535
2211,3.2,30.608435,27.408434
2212,7.8999996,30.62051,22.72051
2213,7.8999996,30.64352,22.74352
2214,7.4,30.673594,23.273594
2215,1.2,30.695726,29.495726
2216,7.6,30.676912,23.076912
2217,7.0000005,30.6135,23.6135
2218,7.0000005,30.51804,23.51804
2219,7.6,30.408983,22.808983
2220,5.1,30.288197,25.188196
2221,5.4,30.189827,24.789827
2222,7.7999997,30.13517,22.33517
2223,2.2,30.13361,27.933609
2224,4.8,30.185211,25.385212
2225,8.400001,30.271704,21.871704
2226,5.4,30.356827,24.956827
2227,5.4,30.411955,25.011955
2228,1.5,30.462107,28.962107
2229,5.2999997,30.496378,25.196379
2230,13.5,30.516365,17.016365
2231,10.3,30.517347,20.217346
2232,6.2,30.512947,24.312946
2233,7.5,30.500063,23.000063
2234,5.7,30.487926,24.787926
2235,9.0,30.475965,21.475965
2236,6.5,30.458172,23.958172
2237,5.0,30.443129,25.443129
2238,7.6,30.441765,22.841764
2239,3.5000002,30.44559,26.94559
2240,4.2000003,30.434093,26.234093
2241,6.2,30.380928,24.180927
2242,7.0000005,30.307943,23.307943
2243,3.9999998,30.22195,26.22195
2244,3.3999999,30.14432,26.74432
2245,6.1,30.08066,23.98066
2246,4.9,30.053625,25.153625
2247,5.6,30.064686,24.464685
2248,1.8000001,30.096014,28.296015
2249,8.200001,30.135141,21.93514
2250,6.0,30.171253,24.171253
2251,3.5000002,30.196623,26.696623
2252,5.1,30.222105,25.122105
2253,2.2,30.239162,28.039162
2254,3.0,30.24367,27.24367
2255,2.5,30.237274,27.737274
2256,2.1000001,30.227232,28.127232
2257,3.2,30.21447,27.01447
2258,3.2,30.193535,26.993534
2259,5.7,30.163496,24.463497
2260,3.9999998,30.131395,26.131395
2261,1.9999999,30.09958,28.09958
2262,2.5,30.070326,27.570326
2263,0.2,30.037695,29.837694
2264,3.8999999,30.00645,26.106451
2265,3.8999999,29.969553,26.069553
2266,3.5000002,29.930914,26.430914
2267,2.4,29.888895,27.488895
2268,4.5,29.845442,25.345442
2269,7.3,29.804485,22.504486
2270,1.6,29.763477,28.163477
2271,3.9999998,29.745964,25.745964
2272,2.2,29.740604,27.540604
2273,4.6,29.736355,25.136354
2274,4.1000004,29.7289,25.6289
2275,6.7,29.712149,23.01215
2276,2.4,29.682503,27.282503
2277,0.90000004,29.64304,28.74304
2278,6.8999996,29.606752,22.706753
2279,1.2,29.568485,28.368484
2280,6.2,29.522549,23.322548
2281,6.1,29.476171,23.376171
2282,8.6,29.43129,20.83129
2283,4.5,29.39163,24.89163
2284,3.0,29.362799,26.362799
2285,3.0,29.337158,26.337158
2286,2.8999999,29.319199,26.419199
2287,2.7,29.306866,26.606865
2288,7.2000003,29.292469,22.092468
2289,7.4,29.264423,21.864424
2290,4.3,29.231943,24.931942
2291,3.3,29.197477,25.897478
2292,3.3999999,29.169828,25.769829
2293,6.0,29.144602,23.144602
2294,0.0,29.130625,29.130625
2295,2.3,29.138334,26.838335
2296,4.6,29.159286,24.559286
2297,1.2,29.18463,27.984629
2298,6.7,29.211248,22.51125
2299,4.1000004,29.235554,25.135553
2300,4.1000004,29.253094,25.153093
2301,4.1000004,29.2708,25.1708
2302,4.6,29.285395,24.685394
2303,1.8000001,29.288906,27.488907
2304,2.1000001,29.290934,27.190933
2305,1.1,29.286175,28.186174
2306,2.8,29.27781,26.47781
2307,2.7,29.272408,26.572407
2308,4.4,29.26956,24.86956
2309,4.4,29.275969,24.875969
2310,3.6000001,29.289618,25.689617
2311,1.6999999,29.298971,27.59897
2312,2.6,29.299187,26.699186
2313,4.5,29.29276,24.79276
2314,0.99999994,29.284203,28.284203
2315,3.3,29.272081,25.972082
2316,5.9,29.267824,23.367825
2317,2.3,29.26552,26.96552
2318,4.2000003,29.273624,25.073624
2319,4.9,29.291138,24.391138
2320,15.3,29.328285,14.028285
2321,17.4,29.370012,11.970013
2322,9.299999,29.416542,20.116543
2323,5.2,29.459188,24.25919
2324,6.7,29.498846,22.798847
2325,5.4,29.532276,24.132277
2326,9.6,29.56393,19.96393
2327,11.4,29.584427,18.184427
2328,6.7999997,29.596722,22.796722
2329,4.9,29.606102,24.706102
2330,9.7,29.607,19.907001
2331,10.900001,29.614573,18.714573
2332,7.7,29.632122,21.932121
2333,7.9999995,29.65938,21.65938
2334,9.2,29.703503,20.503502
2335,8.099999,29.74469,21.644691
2336,8.099999,29.75575,21.65575
2337,9.0,29.758308,20.758308
2338,8.3,29.749878,21.449879
2339,6.0,29.721521,23.721521
2340,1.6,29.696377,28.096376
2341,3.5000002,29.677952,26.177952
2342,9.0,29.6784,20.6784
2343,7.4,29.706532,22.306532
2344,6.8999996,29.771027,22.871027
2345,14.400001,29.853857,15.453856
2346,12.8,29.935143,17.135143
2347,9.5,30.007431,20.507431
2348,10.1,30.073874,19.973873
2349,8.6,30.130575,21.530575
2350,8.099999,30.186644,22.086643
2351,10.2,30.23271,20.032711
2352,13.4,30.264887,16.864887
2353,13.1,30.291803,17.191803
2354,15.0,30.306229,15.306229
2355,14.3,30.31241,16.01241
2356,12.700001,30.324915,17.624914
2357,10.5,30.352348,19.852348
2358,8.400001,30.385618,21.985619
2359,9.7,30.411554,20.711555
2360,9.7,30.40527,20.705269
2361,11.599999,30.377733,18.777733
2362,10.4,30.334522,19.934523
2363,8.5,30.283388,21.783388
2364,6.7999997,30.244238,23.444239
2365,2.7,30.208519,27.508518
2366,9.299999,30.190735,20.890736
2367,5.6,30.19236,24.59236
2368,8.6,30.21592,21.61592
2369,4.1000004,30.25233,26.15233
2370,9.4,30.287027,20.887028
2371,7.7,30.320705,22.620705
2372,12.6,30.355486,17.755486
2373,8.7,30.3799,21.679901
2374,10.8,30.397095,19.597095
2375,11.0,30.404585,19.404585
2376,11.5,30.390137,18.890137
2377,13.4,30.368914,16.968914
2378,14.9,30.345022,15.445023
2379,15.0,30.32739,15.327391
2380,15.0,30.304157,15.304157
2381,15.4,30.283207,14.883207
2382,15.799999,30.271326,14.471327
2383,12.8,30.255817,17.455818
2384,15.5,30.237185,14.737185
2385,19.2,30.224049,11.024048
2386,12.700001,30.206427,17.506426
2387,16.400002,30.188347,13.788345
2388,15.2,30.178188,14.9781885
2389,17.6,30.173048,12.573048
2390,14.8,30.182852,15.382852
2391,16.699999,30.1991,13.499102
2392,10.5,30.232922,19.732922
2393,16.699999,30.28378,13.58378
2394,17.4,30.331795,12.931795
2395,14.099999,30.381239,16.281239
2396,14.400001,30.408792,16.008793
2397,11.3,30.434233,19.134232
2398,19.0,30.451868,11.451868
2399,14.6,30.466433,15.866432
2400,13.2,30.476181,17.27618
2401,11.1,30.470016,19.370016
2402,17.0,30.46286,13.46286
2403,19.0,30.451775,11.451775
2404,19.6,30.441727,10.841726
2405,11.5,30.438871,18.938871
2406,16.9,30.432562,13.532562
2407,13.599999,30.422943,16.822945
2408,15.799999,30.41371,14.61371
2409,10.8,30.387669,19.58767
2410,9.4,30.358503,20.958504
2411,10.3,30.318638,20.018639
2412,7.9999995,30.278835,22.278835
2413,5.1,30.249496,25.149496
2414,5.0,30.236362,25.236362
2415,5.0,30.25234,25.25234
2416,11.2,30.295172,19.095173
2417,9.099999,30.348135,21.248135
2418,8.3,30.402796,22.102795
2419,13.9,30.440577,16.540577
2420,5.9,30.468159,24.56816
2421,8.6,30.49137,21.891369
2422,6.4,30.513006,24.113007
2423,9.7,30.523489,20.82349
2424,8.5,30.52168,22.02168
2425,10.599999,30.514462,19.914463
2426,7.0000005,30.498648,23.498648
2427,6.5,30.492935,23.992935
2428,9.5,30.485685,20.985685
2429,6.4,30.47106,24.07106
2430,4.5,30.46868,25.96868
2431,3.3999999,30.466507,27.066507
2432,4.1000004,30.45939,26.35939
2433,4.4,30.443748,26.043749
2434,2.3,30.415644,28.115644
2435,4.1000004,30.39412,26.294119
2436,8.7,30.37773,21.67773
2437,1.9,30.351873,28.451874
2438,3.2,30.33423,27.13423
2439,3.5000002,30.338272,26.838272
2440,3.5000002,30.36308,26.86308
2441,3.3999999,30.395159,26.99516
2442,4.6,30.419773,25.819773
2443,1.1,30.433117,29.333117
2444,1.5,30.425627,28.925627
2445,1.2,30.401772,29.20177
2446,3.3,30.378431,27.078432
2447,3.7,30.353464,26.653463
2448,3.8999999,30.324615,26.424616
2449,1.5,30.28782,28.78782
2450,5.0,30.25815,25.25815
2451,5.0,30.226517,25.226517
2452,1.5,30.184122,28.684122
2453,7.6,30.14508,22.54508
2454,4.5,30.119947,25.619947
2455,4.5,30.094643,25.594643
2456,4.5,30.075172,25.575172
2457,3.5000002,30.045853,26.545853
2458,3.5000002,29.999111,26.499111
2459,7.5,29.937677,22.437677
2460,2.2,29.87731,27.677309
2461,6.5,29.827538,23.327538
2462,6.5,29.795206,23.295206
2463,0.99999994,29.786936,28.786936
2464,2.6,29.783293,27.183292
2465,8.099999,29.77785,21.677849
2466,0.8,29.770842,28.970842
2467,3.3999999,29.757826,26.357826
2468,3.7,29.744568,26.044567
2469,3.6000001,29.723473,26.123472
2470,2.5,29.694206,27.194206
2471,3.3,29.661228,26.361229
2472,4.5,29.622187,25.122187
2473,4.1000004,29.57572,25.47572
2474,2.3,29.533234,27.233234
2475,6.7,29.493416,22.793415
2476,4.5,29.462532,24.962532
2477,5.6,29.438046,23.838045
2478,4.4,29.42391,25.02391
2479,2.7,29.415558,26.715557
2480,6.6,29.399471,22.79947
2481,9.8,29.382517,19.582516
2482,6.7999997,29.36539,22.565392
2483,3.3999999,29.352005,25.952005
2484,1.6999999,29.342072,27.64207
2485,0.3,29.340368,29.040369
2486,7.7999997,29.352978,21.552979
2487,6.5,29.382528,22.882528
2488,6.7,29.420345,22.720345
2489,7.2000003,29.475227,22.275227
2490,5.2,29.527088,24.327087
2491,7.4,29.574348,22.174349
2492,8.200001,29.612656,21.412655
2493,6.7999997,29.640251,22.840252
2494,9.0,29.66363,20.66363
2495,4.5,29.679455,25.179455
2496,7.1000004,29.679604,22.579603
2497,5.9,29.671942,23.771942
2498,5.5,29.65753,24.15753
2499,7.5,29.642378,22.142378
2500,5.1,29.638012,24.538012
2501,1.2,29.635809,28.435808
2502,4.7,29.641935,24.941936
2503,2.3,29.641968,27.341969
2504,7.7,29.62448,21.92448
2505,4.8,29.59254,24.792542
2506,5.1,29.55393,24.45393
2507,6.4,29.518072,23.118073
2508,2.4,29.481644,27.081644
2509,4.8,29.449184,24.649185
2510,5.5,29.43253,23.93253
2511,3.8999999,29.440447,25.540447
2512,10.0,29.464703,19.464703
2513,13.0,29.483398,16.483398
2514,14.7,29.503628,14.803628
2515,6.1,29.518257,23.418257
2516,7.7999997,29.524769,21.72477
2517,6.6,29.527391,22.927391
2518,9.5,29.517874,20.017874
2519,9.5,29.505573,20.005573
2520,9.5,29.484484,19.984484
2521,9.5,29.459175,19.959175
2522,9.5,29.427732,19.927732
2523,9.5,29.400408,19.900408
2524,9.5,29.380205,19.880205
2525,9.8,29.368225,19.568226
2526,9.8,29.361721,19.561722
2527,9.8,29.356407,19.556408
2528,9.8,29.337755,19.537754
2529,9.8,29.314081,19.51408
2530,9.8,29.282461,19.48246
2531,9.8,29.2538,19.4538
2532,9.8,29.235624,19.435623
2533,9.8,29.219439,19.419437
2534,9.8,29.219772,19.419773
2535,9.8,29.232803,19.432804
2536,9.8,29.254223,19.454224
2537,9.8,29.288305,19.488304
2538,9.8,29.328823,19.528824
2539,9.8,29.362232,19.562233
2540,9.8,29.396906,19.596905
2541,9.8,29.421478,19.621479
2542,9.8,29.44167,19.64167
2543,9.8,29.453804,19.653805
2544,9.8,29.454103,19.654102
2545,9.8,29.452497,19.652496
2546,9.8,29.441483,19.641483
2547,9.8,29.43275,19.632751
2548,9.8,29.439016,19.639015
2549,9.8,29.45276,19.65276
2550,9.8,29.467178,19.66718
2551,9.8,29.490164,19.690163
2552,9.8,29.48889,19.688889
2553,9.8,29.474693,19.674694
2554,9.8,29.448952,19.648952
2555,9.8,29.418404,19.618404
2556,9.8,29.392612,19.592613
2557,9.8,29.369781,19.569782
2558,9.8,29.35955,19.559551
2559,9.8,29.37368,19.57368
2560,9.8,29.398088,19.598087
2561,9.8,29.42786,19.627861
2562,9.8,29.462734,19.662735
2563,9.8,29.494549,19.69455
2564,9.8,29.518335,19.718334
2565,9.8,29.532925,19.732925
2566,9.8,29.539616,19.739616
2567,9.8,29.544754,19.744755
2568,9.8,29.542664,19.742664
2569,9.8,29.545012,19.74501
2570,9.8,29.532757,19.732758
2571,9.8,29.518272,19.718273
2572,9.8,29.507856,19.707855
2573,9.8,29.509796,19.709797
2574,9.8,29.514845,19.714844
2575,9.8,29.52318,19.723179
2576,9.8,29.515625,19.715626
2577,9.8,29.49351,19.693508
2578,9.8,29.466122,19.666122
2579,9.8,29.442379,19.64238
2580,9.8,29.416925,19.616924
2581,9.8,29.39929,19.599289
2582,9.8,29.392,19.592
2583,9.8,29.400597,19.600597
2584,9.8,29.432673,19.632671
2585,9.8,29.473888,19.67389
2586,9.8,29.51379,19.71379
2587,9.8,29.551474,19.751472
2588,9.8,29.57079,19.77079
2589,9.8,29.590897,19.790897
2590,9.8,29.603333,19.803333
2591,9.8,29.607906,19.807907
2592,9.8,29.60894,19.80894
2593,9.8,29.598248,19.798248
2594,9.8,29.582863,19.782864
2595,9.8,29.564827,19.764828
2596,9.8,29.547539,19.74754
2597,9.8,29.534813,19.734814
2598,9.8,29.530832,19.730831
2599,9.8,29.527697,19.727695
2600,9.8,29.518524,19.718525
2601,9.8,29.504623,19.704624
2602,9.8,29.479183,19.679184
2603,9.8,29.447968,19.647968
2604,9.8,29.424501,19.6245
2605,9.8,29.405325,19.605324
2606,9.8,29.39116,19.59116
2607,9.8,29.396542,19.596542
2608,9.8,29.44317,19.64317
2609,9.8,29.497875,19.697876
2610,9.8,29.559664,19.759663
2611,9.8,29.618183,19.818184
2612,9.8,29.669062,19.86906
