station_id,latitude,longitude,state_name,n_readings,mean_pm25,std_pm25
24-25-1001,39.410191,-76.296946,Maryland,16432,7.2633276533592985,8.864294415896127
27-37-470,44.73846,-93.23725,Minnesota,16457,9.25687549371091,10.039621508437776
32-3-71,36.16976,-115.263038,Nevada,17453,5.436245917607304,5.502380409348254
48-121-34,33.219069,-97.196284,Texas,16272,8.267606932153392,6.327910648485467
49-47-1004,40.46471,-109.561472,Utah,17304,5.911280628756369,5.414966267553446
56-1-11,41.32417,-105.61489,Wyoming,7781,4.87996401490811,4.481551535264242
6-37-9035,34.725389,-118.178601,Californi,7378,4.2960151802656545,3.7225066957010395
6-51-5,37.962069,-119.120278,Californi,17257,4.1535261053485515,6.73519232929486
6-77-1003,37.961578,-121.281414,Californi,16042,10.846590200723101,10.939540789106045
1-97-3,30.770181,-88.087761,Alabama,8116,9.093137013307038,6.272162949338032
15-1-2023,19.555444,-155.102028,Hawaii,13430,3.5206999255398364,4.953907327781721
19-153-5885,41.667032,-93.599221,Iowa,8460,10.928486997635934,9.954784494023247
28-33-2,34.82056,-89.98778,Mississip,17297,10.500919234549425,6.798900861508187
31-79-5,40.915555,-98.378888,Nebraska,16311,6.77806388326896,6.859966552023157
4-21-3015,32.884761,-112.03705,Arizona,15825,9.6146477093207,13.933248902030588
48-141-44,31.765685,-106.455227,Texas,16093,9.162704281365778,8.487780601078578
12-105-6006,28.028889,-81.972222,Florida,15566,7.7142040344340765,3.9276094015543426
38-15-3,46.825425,-100.76821,North Dak,16406,9.755235889308755,12.54282277819377
42-85-100,41.215014,-80.484779,Pennsylva,14015,8.107363539065265,9.300475856361215
28-11-2,33.750838,-90.734175,Mississip,17248,9.850834879406307,6.337272174259335
30-93-5,46.002602,-112.501247,Montana,15841,8.175733855186003,10.152500786907229
33-15-18,42.862531,-71.38014,New Hamps,16838,5.926125430573687,5.389663629642341
4-13-19,33.48378,-112.14256,Arizona,16996,9.972964226876917,13.502101101708853
42-101-76,39.988842,-75.207205,Pennsylva,17016,9.785948519040891,13.128364892632053
48-215-43,26.226343,-98.29085,Texas,8444,9.387778304121278,7.915090966939161
48-453-21,30.263204,-97.712891,Texas,16130,9.725021698698072,7.56053037294794
53-35-7,47.592675,-122.627397,Washingto,16546,5.927777106249245,6.580513251065193
6-7-8,39.76168,-121.84047,Californi,16072,8.178633648581384,8.24666452276538
13-185-3,30.8486,-83.2933,Georgia,16913,10.102826228344993,7.448594506970717
18-89-36,41.594427,-87.495044,Indiana,17417,9.968467589137049,9.124339073477472
31-157-4,41.876853,-103.656561,Nebraska,14679,5.171673819742489,8.257008163418151
40-109-1037,35.614131,-97.475083,Oklahoma,15278,9.34228302133789,5.559768996988698
48-323-4,28.704607,-100.451156,Texas,15656,8.21888732754215,6.7672091803438414
55-53-2002,44.334686,-90.792025,Wisconsin,16034,7.700430335536975,10.75008373548819
6-37-1103,34.06659,-118.22688,Californi,17244,12.108948039898069,6.911218705530633
6-45-6,39.15047,-123.20655,Californi,14717,9.363796969491064,8.732985363938694
6-63-1006,39.939567,-120.944376,Californi,9532,8.580046160302185,8.834643566778388
6-83-11,34.427775,-119.691218,Californi,16580,8.293365500603135,4.726101113947142
12-86-1016,25.794222,-80.215556,Florida,17157,8.134912863554227,4.109478344464647
18-19-10,38.288191,-85.741337,Indiana,17301,10.970510375122823,8.09974314298154
20-191-2,37.47689,-97.366399,Kansas,16668,9.286315094792403,6.616784541726722
24-29-2,39.305021,-75.797317,Maryland,16578,6.544993364700205,7.8624573432105445
25-5-1004,41.685707,-71.169235,Massachus,17333,6.763214677205327,5.494765283040242
39-35-73,41.44013,-81.494833,Ohio,17361,9.4968550198721,9.325614496141792
42-75-101,40.338516,-76.394788,Pennsylva,16269,10.303878542012427,13.699804920512316
48-201-1052,29.81453,-95.38769,Texas,16375,12.051169465648872,7.422101110674569
48-203-2,32.669001,-94.167468,Texas,15419,9.748634801219207,10.118017110734575
51-161-1004,37.28342,-79.88452,Virginia,17362,7.9950063356756145,6.0627170516100435
6-27-1003,36.487823,-117.871036,Californi,16641,6.464347094525572,12.932002773780138
6-67-10,38.56844,-121.49311,Californi,16265,8.2113187826621,7.870897795580059
30-29-49,48.363694,-114.189272,Montana,16724,9.365971059555207,9.705931166582637
33-11-5001,42.86183,-71.878626,New Hamps,17218,4.534620745731191,4.77444987246509
41-35-4,42.190296,-121.731369,Oregon,16480,9.685491504854363,12.390548060186784
42-45-2,39.835556,-75.3725,Pennsylva,15682,10.395593674276244,13.155999652705683
48-273-314,27.422433,-97.300869,Texas,16017,9.989149029156533,7.234683147248971
18-127-24,41.6175,-87.199167,Indiana,16546,9.23034570288887,11.167243234207525
18-157-8,40.431667,-86.8525,Indiana,16116,8.615698684537154,9.106188218349077
27-35-3204,46.39674,-94.1303,Minnesota,15784,7.369076279776974,7.5431489612207825
34-31-5,40.918381,-74.168092,New Jerse,11595,8.572376024148493,9.824957316561527
37-67-30,36.026612,-80.341962,North Car,17302,8.96881863368399,6.779578417884087
41-33-114,42.434139,-123.348466,Oregon,9426,12.268830893273973,24.571950847190802
42-21-11,40.309722,-78.915,Pennsylva,17287,9.816295482154292,8.716585491930168
45-45-15,34.843895,-82.414585,South Car,16656,10.134365994236312,6.936170489328674
6-19-5025,36.72639,-119.733,Californi,16754,13.342276471290505,11.2698590924815
6-71-306,34.510961,-117.32554,Californi,17097,8.605135403872024,6.173153062742878
13-295-4,34.9784,-85.2943,Georgia,17083,11.70686647544345,8.074191904275127
22-51-1001,30.041238,-90.272826,Louisiana,17107,9.007751212953773,6.679978024400613
27-123-871,44.95939,-93.03587,Minnesota,17340,8.918189158016162,9.483200511406123
31-55-19,41.247486,-95.973142,Nebraska,16255,7.287972931405721,6.436297526252451
34-23-11,40.462182,-74.429439,New Jerse,16390,8.644667480170856,10.55553155369133
37-21-34,35.6062,-82.5844,North Car,16231,6.639560101041215,5.221571733234991
4-12-8000,34.2439,-113.5586,Arizona,14492,3.8375586530499524,4.295608961946361
48-201-46,29.828086,-95.284096,Texas,16572,12.678379193820902,9.603041175108169
48-29-1069,29.529432,-98.391403,Texas,15312,9.39526515151515,6.89418557225498
49-35-3006,40.736389,-111.872222,Utah,17485,8.227532170431761,7.514810306497574
6-107-2003,36.30815,-119.3129,Californi,16808,13.317527367920038,10.87768053691213
6-61-3,38.93568,-121.09959,Californi,15536,7.13813079299691,17.60467717959891
6-79-2004,35.02083,-120.56388,Californi,16032,6.265344311377246,7.256277303694752
15-1-3027,19.611914,-155.055037,Hawaii,14514,3.3940333471131323,3.0571343847089274
32-3-1501,36.139707,-115.175654,Nevada,17284,7.324531358481842,6.189062303827604
32-3-299,35.987908,-115.148885,Nevada,17433,5.189714908506858,5.3876486545153055
39-151-20,40.800717,-81.373,Ohio,17157,10.432447397563658,11.979333759125778
45-37-1,33.739963,-81.853635,South Car,13640,8.719772727272705,5.8941610753588565
47-119-2007,35.65188,-87.0096,Tennessee,15711,7.631570237413305,5.652619144521734
6-41-1,37.97231,-122.520004,Californi,16664,6.375240038406145,5.266233829836652
6-73-1006,32.842318,-116.768293,Californi,11134,6.565537991737024,3.982151264322518
9-9-2123,41.550556,-73.043611,Connectic,17350,8.239048991354489,7.750076760791757
2-20-18,61.205861,-149.824602,Alaska,15131,5.29905492036217,6.29411214960787
27-37-480,44.706123,-93.285803,Minnesota,16783,8.658469880235916,9.146483387323158
37-63-15,36.032955,-78.904037,North Car,16381,7.57414077284659,5.594810553550562
45-19-46,32.941023,-79.657187,South Car,12214,7.9083428852136795,4.73428483158939
48-355-32,27.804489,-97.431553,Texas,16659,8.857146287292151,6.7437398510175806
49-45-4,40.60055,-112.35578,Utah,17355,5.670567559781017,6.202582606969882
25-25-45,42.349954,-71.059194,Massachus,6526,7.966825007661645,5.987645103646958
25-3-6001,42.702223,-73.110414,Massachus,16753,7.138005133408983,6.891764496005913
27-7-2304,47.878159,-95.029172,Minnesota,16036,6.963825143427304,8.431903070840693
37-67-22,36.11094,-80.224501,North Car,17328,9.224774930747952,6.58574476106973
42-3-1301,40.402328,-79.860973,Pennsylva,16598,10.560320520544641,9.932065100441895
56-37-7,41.592536,-109.220852,Wyoming,14062,5.050270231830489,4.109012489733744
8-1-10,39.8281,-104.93647,Colorado,17037,7.593878030169621,7.050528862174469
13-135-2,33.9632,-84.0691,Georgia,17075,9.540778916544713,7.3134748479549705
23-3-1011,46.682299,-68.016195,Maine,16044,5.541012216404913,5.504306191155187
24-5-1007,39.460478,-76.633543,Maryland,16418,7.652759166768181,8.174832384248154
25-25-1004,42.387222,-71.026111,Massachus,17325,7.384126984126965,5.082343513801348
30-1-3,45.206448,-112.64251,Montana,6546,4.463183623586946,5.550463091276408
34-19-1,40.515262,-74.806671,New Jerse,16901,8.368995917401342,10.807196686858473
45-91-8801,34.9127,-80.8745,South Car,16751,7.993791415437884,5.995507543561906
51-810-8,36.841883,-76.181233,Virginia,8707,8.725726427012747,7.446154341806691
13-153-1,32.6056,-83.5978,Georgia,17387,9.706050497498158,6.617065194921204
15-1-5,19.4308,-155.2578,Hawaii,11477,3.0633440794632745,3.3853907326235073
20-173-10,37.702066,-97.314847,Kansas,13207,9.857325660634505,6.645152029119077
25-23-5,42.065106,-71.012129,Massachus,17050,8.010369501466254,5.507951086644015
26-5-3,42.767786,-86.148577,Michigan,13850,7.111812274368157,5.459500338517377
30-83-2,47.8679,-104.676944,Montana,14676,7.414997274461694,12.050564193567734
4-19-11,32.322661,-111.038389,Arizona,16111,5.80839178201229,5.043617974610041
42-69-2006,41.442778,-75.623056,Pennsylva,17161,8.82346017131871,12.24335758957255
51-59-31,38.76835,-77.18347,Virginia,17290,8.975031810294967,9.090846026396534
55-43-9,42.69302,-90.69813,Wisconsin,17338,9.661154689122217,10.128971477851001
1-55-10,33.98821,-85.992556,Alabama,16356,9.383528980190755,6.00947546256778
18-57-7,39.960884,-85.939546,Indiana,16278,8.047106524143068,8.280831730857455
20-177-13,39.024265,-95.711275,Kansas,14507,9.651264906596854,7.19413808574053
21-43-500,38.23887,-82.9881,Kentucky,17291,7.258672141576532,5.178527579867878
23-1-11,44.089406,-70.214219,Maine,15708,5.352177234530176,4.557798250889981
30-35-22,48.607406,-112.36384,Montana,6781,5.827739271493885,10.063681101961702
35-49-21,35.61975,-106.07968,New Mexic,11169,4.714003044140028,7.787724468219131
38-57-4,47.298611,-101.766944,North Dak,17363,7.040119794966263,9.565682854755202
44-7-22,41.807469,-71.412968,Rhode Isl,15469,6.490658736828496,5.457892391561604
45-51-8,33.8005,-78.9941,South Car,7410,8.559487179487203,5.47708804574374
47-141-5,36.185702,-85.492107,Tennessee,16230,7.386118299445512,5.35106427441013
48-27-1045,31.122419,-97.431052,Texas,15500,7.9503870967741985,6.440696567466411
48-375-320,35.201592,-101.909275,Texas,16189,6.488603372660449,6.47303022503249
53-53-24,47.22634,-122.46256,Washingto,17276,7.509145635563788,9.206219363192307
6-31-4,36.102244,-119.56565,Californi,16995,12.483200941453369,11.497470578213319
6-69-2,36.843425,-121.3621,Californi,15328,5.297299060542797,5.205255336682013
12-11-2003,26.291088,-80.096353,Florida,17332,7.373765289637662,4.673999455103358
21-67-12,38.06503,-84.49761,Kentucky,17402,8.472824962648005,6.291976508880316
32-31-1005,39.540917,-119.746761,Nevada,16568,9.067358763882183,14.92423639562461
40-27-49,35.320105,-97.484099,Oklahoma,14826,9.962228517469278,5.89972387938083
6-25-1003,32.79222,-115.56306,Californi,14091,8.9844510680576,8.582961827254357
6-59-7,33.83062,-117.93845,Californi,16190,9.683403335392228,7.738364166449353
10-1-3,39.15564,-75.51821,Delaware,14870,8.337215870880968,9.237904080263915
12-11-5005,26.294167,-80.176389,Florida,16768,8.938889551526726,5.158734525553539
17-31-3103,41.965193,-87.876265,Illinois,10762,11.353363687047075,10.571278737017824
32-3-602,35.969848,-114.835007,Nevada,17404,4.275195357389107,5.459953730970808
40-19-297,34.244189,-97.462931,Oklahoma,16171,8.009300599839147,7.151220303983297
42-125-5,40.146667,-79.902222,Pennsylva,16840,10.509382422802853,9.35935518081397
6-31-1004,36.31567,-119.643447,Californi,17046,13.559838085181275,11.950200925104676
6-47-3,37.281853,-120.433671,Californi,17042,9.18530688886281,7.699016483397685
17-83-117,39.101439,-90.344494,Illinois,17444,8.674839486356321,6.532554259418163
19-103-2001,41.657232,-91.503478,Iowa,17234,10.44372171289316,10.658864935405338
21-93-6,37.705612,-85.852629,Kentucky,17333,8.672364853170224,6.076602429815979
29-37-3,38.75961,-94.57983,Missouri,14745,6.41621566632758,5.027195660023907
29-47-5,39.303174,-94.377014,Missouri,15173,6.45168391221254,5.589929232458045
29-510-7,38.542551,-90.263711,Missouri,15343,7.756455712702915,6.577913739415369
4-13-4005,33.41123,-111.93471,Arizona,16445,7.725843721495878,6.665096662900464
42-129-8,40.304694,-79.505667,Pennsylva,10260,8.329922027290458,4.790338934122974
46-27-1,42.78943,-96.90383,South Dak,16568,7.530860695316274,8.18101065202918
48-13-1090,29.162997,-98.589158,Texas,15777,9.41395702605058,7.0507768202657966
55-111-7,43.4351,-89.67979,Wisconsin,17273,8.655230706883527,11.170119963922998
8-69-9,40.571288,-105.079693,Colorado,16378,6.509891317621196,5.255619715810155
1-49-1003,34.288567,-85.969858,Alabama,8239,9.283784439859211,6.399844977193988
12-85-7,27.172458,-80.240689,Florida,9059,7.4198697427972125,4.64026583956744
22-87-7,29.943164,-89.97625,Louisiana,14494,9.61688974748168,5.408695191464857
26-65-18,42.76138,-84.562867,Michigan,14686,9.931635571292448,11.915393208327723
42-7-14,40.747796,-80.316442,Pennsylva,16639,11.147220385840617,11.031723123360742
44-3-2,41.615237,-71.72,Rhode Isl,15514,5.303725667139358,4.920648256047786
55-79-56,42.93257,-87.93434,Wisconsin,17405,10.053099683998875,11.369745801285315
6-39-2010,36.953256,-120.034203,Californi,17106,10.289372150122764,8.32400587636101
6-73-1026,32.710177,-117.142665,Californi,13740,9.94569868995635,5.124008984033937
6-83-1009,34.890667,-120.432844,Californi,9518,5.451460390838411,5.154674662210409
9-1-10,41.170833,-73.194722,Connectic,17426,8.546706071387522,10.224409636774805
1-119-3,32.362606,-88.277992,Alabama,14961,7.102499832898883,6.330675290422885
13-89-2,33.6878,-84.2905,Georgia,17172,10.34334963894711,6.318943432001567
39-99-15,41.106182,-80.640576,Ohio,16767,9.61196994095552,9.858340139745538
53-77-15,46.38024,-120.33266,Washingto,16716,9.86773151471644,11.926704450663935
55-125-1,46.0519,-89.654,Wisconsin,16637,6.199260684017526,7.3503543205942945
10-5-1002,38.65392,-75.610605,Delaware,17052,8.695015247478317,8.917294337879143
39-61-42,39.10492,-84.55117,Ohio,17370,10.152204951065157,8.057577506532892
55-81-2001,44.020855,-90.40164,Wisconsin,16756,7.764973740749571,8.867479852301463
56-13-4,43.02421,-108.3637,Wyoming,15403,4.513081867168733,4.68193733439537
6-1-7,37.687526,-121.784217,Californi,16013,7.166801973396615,5.884046268954267
18-5-8,39.237457,-85.891332,Indiana,16124,7.802294715951398,7.935759387956725
28-49-21,32.346722,-90.225667,Mississip,17412,10.145818975419225,6.539202703384086
47-93-1013,35.980675,-83.925773,Tennessee,17139,9.39540813349672,6.122084229425287
53-37-2,46.99364,-120.545,Washingto,16215,7.332531606537157,10.764249306349392
54-39-20,38.346258,-81.621161,West Virg,15411,7.719680747518007,5.183229463591581
6-73-1201,33.362593,-117.09023,Californi,15240,6.587349081364834,4.610191656633415
25-9-2006,42.474642,-70.970816,Massachus,14937,6.268440784628778,5.858248451432527
32-3-540,36.141875,-115.078742,Nevada,17361,9.139888255284815,10.426048907280519
35-1-26,35.1443,-106.60468,New Mexic,16518,7.130318440489132,5.890265506458474
38-53-2,47.5812,-103.2995,North Dak,16218,6.720267603896885,11.02515135440467
45-79-7,34.093959,-80.962304,South Car,14863,8.242609163695088,4.889943002331396
46-99-9,43.59901,-96.78331,South Dak,14526,6.695835054385201,8.937538379810627
6-11-7,39.021221,-122.281803,Californi,6861,12.97080600495554,5.422411951936185
10-3-1003,39.761273,-75.492047,Delaware,7710,10.504941634241227,17.144588595582665
17-143-37,40.697007,-89.584737,Illinois,12852,9.460636476812923,5.6545690477832355
18-141-15,41.69666,-86.214722,Indiana,17388,10.847026685070228,10.551796223200741
25-17-10,42.612085,-71.306986,Massachus,17450,6.60842979942693,4.719663950474067
53-63-17,47.663962,-117.257654,Washingto,16364,8.327609386458079,15.31642794475305
6-45-2003,39.39861,-123.35872,Californi,16127,11.761517951261858,9.329329467840559
6-87-1005,37.06315,-122.083092,Californi,15744,5.857596544715447,6.033217728260217
1-125-11,33.095379,-87.481507,Alabama,7689,8.435310183378874,5.591507972404636
13-245-91,33.4339,-82.0224,Georgia,17051,10.018649932555348,6.8896269060438735
17-201-118,42.267,-89.08917,Illinois,17331,9.955807512549772,11.167287109382167
20-91-10,38.838575,-94.746424,Kansas,16770,9.327769827072103,6.548502587204602
21-145-1024,37.05822,-88.57251,Kentucky,7762,9.264596753414045,9.006773290475463
48-167-1034,29.254474,-94.861289,Texas,15491,9.222296817506942,6.117926640899167
50-7-14,44.4762,-73.2106,Vermont,17367,7.367328842056781,6.8291613371617155
6-27-1033,37.155494,-118.293547,Californi,12631,3.962956218826711,3.3215879833565882
8-57-5,40.5506,-106.385,Colorado,9011,5.020519365220264,4.179585925586904
1-113-3,32.437028,-84.999653,Alabama,9717,9.361531336832355,7.7463449754689755
25-25-42,42.3295,-71.0826,Massachus,17449,6.9681013238581535,4.66250448023884
29-77-36,37.256137,-93.299894,Missouri,17271,8.231127323258674,6.340192495287701
37-51-9,35.041416,-78.953112,North Car,16529,8.729021719402263,6.12544962631051
4-19-1036,32.194671,-111.033167,Arizona,11541,6.881552725067152,5.977609018822125
6-1-11,37.814781,-122.282347,Californi,16639,7.832562053007993,6.574654358235161
8-31-13,39.738578,-104.939925,Colorado,17226,6.882857308719397,6.370244087907633
12-57-113,27.955133,-82.469532,Florida,16950,8.383663716814198,4.059300144577502
12-57-3002,27.96565,-82.2304,Florida,15886,7.9342313987158475,5.401268488822423
21-111-67,38.22876,-85.65452,Kentucky,17366,9.395139928596109,6.771239248211539
28-45-3,30.300833,-89.395916,Mississip,17178,8.92167307020615,6.533641101017698
40-105-207,36.91841,-95.632286,Oklahoma,15774,11.739698237606142,8.287316259699796
42-43-401,40.246992,-76.846988,Pennsylva,17052,10.953418953788388,13.670911252678941
53-33-69,47.498535,-122.278385,Washingto,16965,8.006071323312703,9.38988973093004
55-25-47,43.0733,-89.4358,Wisconsin,17362,9.945104250662359,12.174727035620686
34-17-1003,40.725413,-74.052293,New Jerse,16296,8.31292341678958,8.447847182612202
6-29-18,35.642943,-117.715066,Californi,15504,4.8890608875129,4.518834599462285
6-73-1008,33.217046,-117.396249,Californi,11548,8.726532732940777,4.393724418936814
8-31-28,39.7861,-104.9886,Colorado,17340,8.131089965397962,6.7737391219413885
80-2-12,32.629225,-115.447769,Country O,6463,17.52576203001702,19.907039687696336
12-99-8,26.724786,-80.666447,Florida,17446,7.0427605181703505,4.232870462956954
24-510-5253,39.33746,-76.58905,Maryland,15852,7.943918748422912,9.039127836599697
25-27-23,42.263955,-71.794322,Massachus,16813,8.143085707488227,6.1104703005908325
32-3-75,36.270592,-115.238282,Nevada,17374,5.5147749510762845,5.963158140526319
4-13-9812,33.4265,-112.11821,Arizona,16676,10.080870712401099,11.534946361888718
45-19-20,32.84755,-79.96516,South Car,11581,8.96147137552888,5.164699401456584
51-87-14,37.55652,-77.40027,Virginia,17212,8.62084592145015,6.227730229802715
6-111-9,34.404281,-118.80998,Californi,16419,6.558560204640965,4.797573977073352
6-13-2,37.936013,-122.026154,Californi,16029,6.857570653191091,5.303220470120625
6-19-500,36.985119,-119.658339,Californi,16322,6.95147653473839,5.193207054488063
10-1-2,38.986681,-75.556818,Delaware,15390,8.165542560103948,9.375509819030139
17-113-2003,40.518735,-88.996896,Illinois,17447,9.887516478477748,11.076345023049976
32-31-25,39.399837,-119.739606,Nevada,15837,6.096546063016985,14.899612256096402
42-63-4,40.56333,-78.919972,Pennsylva,16521,8.23511288662913,9.078308237156165
47-99-3,35.116878,-87.419725,Tennessee,16090,7.432908638906151,5.197635119165085
53-53-31,47.2656,-122.3858,Washingto,16263,8.342433745311443,9.756448682342336
55-79-10,43.01724,-87.93369,Wisconsin,17425,10.419718794834989,11.407076728274417
56-1-12,41.308825,-105.54913,Wyoming,13483,3.4988949046947853,3.7222841526029704
56-21-100,41.182227,-104.778334,Wyoming,16830,5.383481877599524,4.723484765990038
21-19-17,38.45934,-82.64041,Kentucky,17227,8.533964126081232,5.996706580876441
25-25-2,42.348873,-71.097163,Massachus,17449,7.103644908017661,4.697407316684932
39-3-9,40.770944,-84.0539,Ohio,16880,7.737796208530789,8.569632972241218
44-7-26,41.874668,-71.379971,Rhode Isl,14007,7.347968872706504,6.028846832104541
46-71-1,43.74561,-101.941218,South Dak,15461,6.304417566780961,11.536628680502155
6-13-1004,37.9604,-122.356811,Californi,16858,9.988195515482264,7.815381203785136
15-3-1004,21.303382,-157.871171,Hawaii,15472,4.33615563598759,3.514880180907619
21-193-3,37.28329,-83.20932,Kentucky,16983,9.352958841194134,8.653086614074041
25-25-44,42.325186,-71.056061,Massachus,17470,7.683886662850609,5.186302530140889
27-53-963,44.95366,-93.25821,Minnesota,14830,9.46993931220497,9.302792310199084
42-101-57,39.960048,-75.142614,Pennsylva,16574,9.674158320260588,12.523417326622594
48-201-1039,29.670025,-95.128508,Texas,16543,9.385087348123278,6.08162186213451
49-49-4001,40.341389,-111.713611,Utah,17414,7.0102618582749585,5.998159312048384
6-19-2009,36.634225,-120.382331,Californi,15682,6.420252518811338,5.877075988934428
8-103-6,40.086944,-108.761389,Colorado,14281,6.588054057839087,4.345459670674495
26-163-97,42.261669,-83.157893,Michigan,17080,11.441346604215484,11.625734744820885
32-31-1007,39.621434,-119.71877,Nevada,16869,6.9841128697611,12.442392134189145
39-61-14,39.19433,-84.478974,Ohio,17424,10.903736225895347,8.493382897817632
41-39-60,44.026312,-123.083737,Oregon,16093,8.04012924874171,11.698763997897242
5-119-7,34.756189,-92.281296,Arkansas,16161,10.454922343914355,7.432050237028418
23-19-17,44.817398,-68.772762,Maine,16288,5.377394400785855,4.563013687961121
26-49-21,43.047224,-83.670159,Michigan,16852,8.735817707096453,9.026454767537729
32-3-298,36.048705,-115.052942,Nevada,17450,5.390871060171926,5.665443093389197
37-173-7,35.498711,-83.310242,North Car,8733,6.70965304019237,4.263669459708183
41-39-101,44.1158,-123.1211,Oregon,7582,6.615866525982581,9.231423778048248
48-201-66,29.723333,-95.635833,Texas,15583,9.511429121478555,6.965923135419733
51-36-2,37.34438,-77.25925,Virginia,8617,8.037124289195786,6.908095229886915
51-760-25,37.59088,-77.46925,Virginia,16990,8.796109476162453,6.502023360290283
9-5-5,41.821342,-73.297257,Connectic,16031,5.923448318882144,7.922710928571111
12-115-13,27.290556,-82.507222,Florida,16628,7.788176569641622,4.355134493719615
20-209-21,39.117219,-94.635605,Kansas,15589,10.483578164090098,6.961631236245125
26-163-99,42.295824,-83.129431,Michigan,17224,13.782559219693471,12.299594671239884
34-7-2,39.934559,-75.125219,New Jerse,15765,10.0418268315887,10.950518855004637
35-25-8,32.726656,-103.122917,New Mexic,15672,7.389139867279225,7.4314362943040795
4-13-9997,33.503833,-112.095767,Arizona,15952,8.336948345035106,8.777203528290313
42-15-11,41.705226,-76.512726,Pennsylva,10456,6.851042463657231,4.189097788418433
44-7-1010,41.841039,-71.36097,Rhode Isl,16224,6.902921597633136,5.708346938867056
48-361-1100,30.194167,-93.866944,Texas,16036,8.87133325018708,6.450103572964659
48-439-1002,32.80581,-97.356529,Texas,15988,9.284707280460347,6.768912889509345
56-5-1002,44.288005,-105.517022,Wyoming,15849,6.477620039119192,7.9498618619235835
6-79-2020,35.259502,-120.64472,Californi,15631,6.023287057769816,4.93145286421249
11-1-51,38.89477,-76.953426,District,16809,8.942649770956036,9.103478298620804
26-77-8,42.278067,-85.54189,Michigan,15805,11.570521986713064,11.721476567411441
32-3-24,36.815897,-114.050347,Nevada,17350,4.135244956772346,3.032702402356064
34-11-7,39.422273,-75.025204,New Jerse,15671,7.473103184225611,9.350962373960135
41-39-2013,43.744352,-122.480487,Oregon,15965,17.344052615095492,44.33338219089905
42-3-64,40.323768,-79.868062,Pennsylva,16651,13.192516965947949,15.073006813215114
47-105-109,35.721095,-84.343035,Tennessee,16851,7.040561391015365,5.402747220126438
47-37-40,36.1424,-86.7341,Tennessee,16814,9.86041394076365,6.083497756590202
48-245-21,29.922894,-93.909018,Texas,17359,9.569750561668302,7.55383484742511
48-479-313,27.599444,-99.533333,Texas,16349,9.935029665422935,7.751785545002617
53-33-80,47.568236,-122.308628,Washingto,16407,6.805509843359542,9.427551442037137
6-71-8001,34.26464,-116.86147,Californi,15597,8.010219914086077,8.351116214022753
24-43-9,39.564178,-77.720244,Maryland,15566,6.845753565463189,7.2945845651110925
32-3-2003,36.214465,-115.091437,Nevada,17443,7.332368285272014,7.168520671483286
35-1-2022,35.063569,-106.647503,New Mexic,16645,9.461826374286579,10.215950604239985
37-131-3,36.511708,-77.655389,North Car,16238,7.740485281438601,6.321800873595813
42-3-8,40.46542,-79.960757,Pennsylva,16710,10.009587073608666,9.591888305908038
47-125-2001,36.611411,-87.384666,Tennessee,16398,7.492340529332833,5.682516999474703
48-349-1051,32.031934,-96.399141,Texas,13272,8.973214285714324,5.658685310146815
56-39-1006,43.45776,-110.79799,Wyoming,12978,3.6100323624595396,3.8090974695979183
6-25-7,32.97833,-115.53917,Californi,15661,9.609641785326595,13.207907970453398
6-9-1,38.20185,-120.680277,Californi,16405,6.106857665345931,6.1126828315568895
80-26-6,31.291293,-110.951513,Country O,16978,10.765932383084007,12.42950779054904
11-1-43,38.921847,-77.013178,District,16712,8.166048348492101,8.607520845504515
15-3-10,21.323745,-158.088613,Hawaii,16532,4.991386402129235,2.899591787519166
48-113-69,32.820061,-96.860117,Texas,15450,9.768666666666686,6.856734182277046
9-3-25,41.771444,-72.679923,Connectic,17371,8.02629094467796,7.168040366901489
24-15-3,39.702982,-75.864771,Maryland,16374,7.374679369732503,9.231147969772726
25-3-8,42.452299,-73.239648,Massachus,16409,7.233627887135105,7.501770488781328
49-35-3016,40.807897,-112.087717,Utah,17025,7.430149779735663,7.075654851092218
6-87-7,36.98332,-121.98822,Californi,15662,5.885391393180948,4.775071470737584
1-89-14,34.68547,-86.58816,Alabama,15170,8.884713249835192,5.2095058135034975
29-510-85,38.656429,-90.198348,Missouri,17406,9.925761231759239,8.010453198902395
32-3-43,36.106389,-115.253333,Nevada,17399,5.64639347088911,5.3148266153648835
32-3-73,36.173415,-115.332728,Nevada,17458,4.5291900561347145,4.450426724726375
33-9-10,43.629605,-72.309499,New Hamps,17416,5.739176619200717,4.034716271141546
36-1-5,42.64225,-73.75464,New York,17065,8.037802519777362,8.305772509835792
40-143-174,35.953708,-96.004975,Oklahoma,15904,8.766398390342019,6.400046292689067
42-81-419,41.266263,-77.231189,Pennsylva,9742,7.080589201396038,4.311941855383888
48-339-78,30.350302,-95.425128,Texas,16792,10.314846355407285,6.807125387135596
55-9-5,44.50729,-87.99344,Wisconsin,17331,8.792741330563771,9.690742475201786
6-111-7,34.210169,-118.870509,Californi,16834,7.668052750386123,4.936531041699948
6-29-20,35.04944,-118.18893,Californi,6661,6.224305659810834,4.065782559960176
9-3-1003,41.784722,-72.631667,Connectic,17275,7.54060781476121,6.927052393193624
21-195-2,37.4826,-82.53532,Kentucky,17009,7.420900699629593,5.393609680735911
30-111-87,45.806311,-108.425978,Montana,16199,7.204481758133087,8.427237187956335
46-11-3,44.348604,-96.807299,South Dak,14359,6.060630963158948,7.4378071160713795
47-93-1020,36.019186,-83.87381,Tennessee,16957,9.643799021053244,6.1414187359131
8-13-3,40.164576,-105.100856,Colorado,17356,7.04472804793728,6.297008877842577
18-163-21,38.013333,-87.577222,Indiana,17208,10.23813342631334,7.02300918674995
26-113-1,44.310555,-84.891865,Michigan,16957,9.57696526508171,7.533589807340467
26-163-93,42.385998,-83.266189,Michigan,16375,11.667639694656176,9.771698558832947
39-103-4,41.0604,-81.9239,Ohio,16399,8.124745411305573,11.228359702641768
42-71-12,40.043833,-76.1124,Pennsylva,17176,15.117087796925897,16.91187718129316
53-33-30,47.597222,-122.319722,Washingto,15742,8.505463092364376,9.054820475861252
6-27-2,37.360684,-118.330783,Californi,16848,3.9572768281101647,4.640877852997837
13-127-6,31.169805,-81.495035,Georgia,16795,9.010348317951722,6.712202566976609
35-1-1013,35.19324,-106.613815,New Mexic,17099,7.545055266389865,6.806990729215271
35-13-16,32.003712,-106.599715,New Mexic,15694,7.744800560723866,8.997471662554464
42-101-4,40.008889,-75.09778,Pennsylva,16194,10.875960232184775,12.493925038506
48-43-101,29.30265,-103.17781,Texas,13392,8.101665173237752,6.029716523861132
56-23-4,41.783083,-110.53788,Wyoming,14254,3.875122772555072,3.829614251099627
8-123-6,40.414877,-104.70693,Colorado,17367,7.299090228594462,6.5861070121571155
13-51-1002,32.090779,-81.130222,Georgia,15166,9.615765528155112,6.110990679603402
18-105-3,39.159383,-86.504762,Indiana,16147,8.470372205363223,9.048203509528726
39-113-38,39.755969,-84.198674,Ohio,17362,10.074000691164624,8.485626699710366
41-25-3,43.58925,-119.04872,Oregon,16435,10.029930027380662,11.32872672152707
42-27-100,40.811389,-77.877028,Pennsylva,17211,8.739224914298966,9.16471605092247
47-93-1017,35.978074,-83.950666,Tennessee,15832,9.716397170287967,6.25138803761644
48-453-14,30.354944,-97.761803,Texas,15565,9.419106970767748,7.172028220371979
50-7-7,44.52839,-72.86884,Vermont,17357,5.192026271821173,5.626273313340357
6-65-1016,33.944713,-116.830074,Californi,14958,7.3923452333199675,6.935923278571449
6-73-1014,32.578165,-116.921374,Californi,11297,13.753474373727556,10.043332663812405
1-103-11,34.530717,-86.967536,Alabama,16886,8.447725926803276,5.179855674394442
29-95-42,39.047911,-94.450513,Missouri,10770,7.682042711234893,5.669477565193277
35-55-5,36.383359,-105.5839,New Mexic,15051,5.050714238256612,5.72204433312911
39-49-38,40.11107,-83.065415,Ohio,15936,10.348092369477898,9.77027523309384
40-115-9007,36.985702,-94.83931,Oklahoma,13091,10.720410969368304,9.754378093607372
42-117-4000,41.644722,-76.939167,Pennsylva,10026,6.261609814482362,4.262949625901885
42-91-13,40.112222,-75.309167,Pennsylva,17406,9.021860278065045,12.891999911411729
45-83-11,34.955566,-81.924797,South Car,13766,10.09528548598001,6.933785340782852
6-71-27,34.030833,-117.61722,Californi,12246,13.38797158255758,10.767893303308368
6-81-1001,37.482934,-122.20337,Californi,9170,7.226935659760088,6.1436324201741845
6-99-5,37.642165,-120.994212,Californi,16876,11.964979853045746,10.16580266811243
18-67-4,40.481347,-86.109688,Indiana,16704,8.163661398467406,8.759889519836463
36-67-1015,43.05235,-76.05921,New York,17146,7.28266067887552,10.476908561587427
42-3-1376,40.43743,-79.863572,Pennsylva,17141,9.687474476401528,10.143949575835217
11-1-53,38.875161,-77.012816,District,16778,8.88902133746573,9.070936848905077
13-303-1,32.967359,-82.806871,Georgia,17313,11.240356957199836,9.517046047418932
19-45-19,41.823283,-90.211982,Iowa,8475,12.407374631268402,14.768819530963121
34-41-7,40.92458,-75.067815,New Jerse,15629,8.935063023865904,8.669588816647487
6-1-15,37.701222,-121.903019,Californi,16823,7.49699815728467,5.893446111952029
6-107-9,36.48947,-118.82915,Californi,15704,8.7293683138054,14.842109466648015
32-3-1019,35.785665,-115.357087,Nevada,17424,4.1429120752984145,3.8429832212883097
37-173-2,35.434767,-83.442133,North Car,16064,6.946103087649419,5.89734262771673
6-67-6,38.613779,-121.368014,Californi,16415,9.926652452025586,10.448122144157631
11-1-41,38.895572,-76.958072,District,16968,8.815299387081565,9.620190883136916
12-33-4,30.525367,-87.20355,Florida,17022,9.871389965926404,6.062690949138223
15-9-25,20.869627,-156.493626,Hawaii,15599,4.457785755497147,2.905905133817904
24-19-4,38.587525,-76.141006,Maryland,16637,7.368816493358177,6.913615913268416
31-153-7,41.133294,-95.956103,Nebraska,15360,7.628170572916667,6.73990587322746
39-145-15,38.59246,-82.80677,Ohio,6563,10.590050281883274,9.508071614581523
48-113-50,32.774262,-96.797686,Texas,13896,10.539140759930953,6.571093541989803
48-41-1086,30.628333,-96.362777,Texas,16183,8.291213001297638,5.6382482814831345
6-19-2016,36.710833,-119.7775,Californi,17071,13.68423642434538,11.608925338356174
32-31-31,39.521933,-119.7954,Nevada,14880,6.881384408602151,15.636431606305417
40-109-97,35.50307,-97.577981,Oklahoma,16510,9.522265293761404,5.413175022522374
42-125-5001,40.445278,-80.420833,Pennsylva,16416,7.845949074074063,9.539335722140331
48-355-34,27.811817,-97.465703,Texas,12670,8.494348855564311,6.301004154645507
49-53-7,37.179125,-113.305096,Utah,17329,4.756079404466498,3.817156455346082
6-77-2010,37.793392,-121.247874,Californi,15365,9.002264887731837,8.57533646843415
6-99-6,37.488317,-120.836008,Californi,16591,10.841178952444096,9.28379984242155
8-45-19,39.43806,-108.02611,Colorado,6052,5.571298744216775,4.953339119586497
13-95-7,31.5776,-84.0998,Georgia,17105,11.120631394329129,9.659574771923305
17-31-119,41.57862,-87.557406,Illinois,17478,11.152259983979809,9.665417920793866
26-17-14,43.571391,-83.890721,Michigan,16937,8.158298399952502,9.1074467711156
30-63-37,47.012907,-114.224273,Montana,17179,10.464689446416978,9.40733724184119
35-1-29,35.01708,-106.65739,New Mexic,17231,8.244599849109106,9.321977274308535
4-21-3002,33.421194,-111.503222,Arizona,7454,4.675033539039454,4.975272596887427
47-107-1002,35.450115,-84.596195,Tennessee,16331,8.430420672340935,6.065766361807114
47-37-23,36.176382,-86.7389,Tennessee,13234,9.5614931237721,6.216337606485426
6-75-5,37.765946,-122.399044,Californi,15589,7.109500288665084,5.934453379501367
9-11-124,41.35362,-72.07882,Connectic,17421,7.245186843464814,6.678621189592738
29-39-1,37.70097,-94.03474,Missouri,14130,7.823970276008453,6.702557082673312
30-49-4,46.8505,-111.987164,Montana,12835,5.795068172964283,8.661104491493683
30-71-10,48.317507,-107.862471,Montana,14571,7.4865486239791785,12.765069992370211
4-21-1,32.877583,-111.752222,Arizona,15856,6.756243693239153,7.8504344362102305
42-125-5200,40.268963,-80.243995,Pennsylva,8436,7.939426268373639,4.400156903264011
48-201-1050,29.583047,-95.015544,Texas,16869,8.745278321180896,5.4802363147140305
50-21-2,43.608056,-72.982778,Vermont,16719,7.4806148693103856,5.804230666365114
53-33-57,47.55975,-122.338265,Washingto,16913,8.539880565245669,8.818867889439792
54-51-1002,39.915961,-80.733858,West Virg,17009,11.363801516843974,10.579298959488902
15-1-3034,19.618158,-155.971242,Hawaii,15124,5.097460989156308,3.564765661607655
17-43-4002,41.771071,-88.152534,Illinois,17148,10.544844879869368,10.545024684335504
2-170-8,61.534163,-149.031655,Alaska,13532,5.179352645580845,7.243751234244868
21-13-2,36.60843,-83.73694,Kentucky,17395,10.001046277666072,7.344405184254643
29-99-19,38.44853,-90.3986,Missouri,15338,8.488153605424424,6.3838971962287285
35-13-25,32.322037,-106.768337,New Mexic,16071,4.936388525916249,4.747881589580472
40-43-860,36.158414,-98.931973,Oklahoma,16177,7.769870804228231,5.294867594015366
42-101-48,39.991389,-75.080833,Pennsylva,17318,10.413257881972534,12.662618107080663
42-101-75,40.054171,-74.985166,Pennsylva,17127,11.636789863957475,13.590429928093839
55-89-9,43.4983,-87.8102,Wisconsin,16063,7.9951814729502555,9.39732019706637
23-3-14,47.355332,-68.321106,Maine,15928,6.198537167252642,6.703686827798634
25-21-2005,42.241229,-70.963346,Massachus,17450,6.566063037249302,4.622880020906751
30-27-6,47.048537,-109.455315,Montana,14642,6.006734052725094,8.345002991497742
39-17-20,39.472436,-84.394952,Ohio,17178,11.631808126673677,9.252083247689031
40-121-415,34.885608,-95.78441,Oklahoma,16345,8.992652187213208,7.193674851989314
51-650-8,37.103733,-76.387017,Virginia,17364,7.938499193734205,6.243450629573571
41-51-80,45.496641,-122.602877,Oregon,9045,7.0458595909342,5.816432454081126
42-3-2,40.50084,-80.066488,Pennsylva,17202,9.677659574468116,9.428573428363654
53-47-13,48.39999,-119.51896,Washingto,15853,11.28310099034883,15.709327087095534
17-19-1001,40.05278,-88.37251,Illinois,16984,9.045831370701856,10.13557599621028
17-31-4201,42.139996,-87.799227,Illinois,17207,9.547672458883008,9.822363991244444
20-195-1,38.770081,-99.763424,Kansas,16701,7.794814681755565,6.076284571077052
21-199-3,37.09798,-84.61152,Kentucky,17204,8.42420948616597,5.453597498238228
26-81-20,42.984173,-85.671339,Michigan,15506,10.708358054946578,11.2888219028648
32-3-44,36.004733,-115.268517,Nevada,17396,4.457748907794878,4.257441183335575
37-81-13,36.109006,-79.802314,North Car,16380,9.457020757020757,6.723738999563695
40-71-604,36.697186,-97.08135,Oklahoma,16874,9.287442218798157,6.5743737458642375
42-51-524,39.917663,-79.805499,Pennsylva,10357,7.548093077145918,4.905272374516964
46-33-132,43.55764,-103.48386,South Dak,14450,5.35707958477507,6.78612410966366
48-201-58,29.770698,-95.031232,Texas,16987,11.099458409371833,6.549984405717298
55-3-10,46.60234,-90.65615,Wisconsin,17397,6.070994999137771,5.8799566991510215
56-13-99,42.529999,-108.720003,Wyoming,12269,2.9932512837232284,3.29883343350832
6-63-1010,39.81336,-120.47069,Californi,9756,14.158661336613354,17.88642996937665
9-1-1123,41.399167,-73.443056,Connectic,17250,7.904208695652158,8.7571810786684
15-1-2021,19.977467,-155.798067,Hawaii,13996,3.6529722777936553,2.9628820392981416
17-115-13,39.866834,-88.925594,Illinois,17436,9.850579261298472,10.564843203281342
26-153-1,46.288877,-85.950227,Michigan,14668,5.937148895555077,4.144593315520962
34-21-5,40.283092,-74.742613,New Jerse,15307,9.321388907036003,10.298660877403139
38-7-2,46.8943,-103.37853,North Dak,15686,7.216843044753297,11.734315897958727
4-13-1003,33.41018,-111.86536,Arizona,16435,6.655929418923018,6.5582811824098215
49-35-3013,40.496392,-112.036298,Utah,17460,6.169810996563579,6.107663584660496
56-35-101,42.869824,-109.87076,Wyoming,15118,3.981254134144725,4.044558389338608
6-79-2007,35.04673,-120.58777,Californi,16787,8.240900696967891,7.854713283513384
15-1-1006,19.717562,-155.11053,Hawaii,13919,4.062432646023421,3.306457146437927
27-5-2013,46.851811,-95.846272,Minnesota,16588,7.452525922353497,8.684507577366055
35-13-22,31.787885,-106.683324,New Mexic,16077,5.600889469428445,6.721150032226407
4-13-1004,33.56031,-112.06619,Arizona,16240,7.2049753694581335,8.092286218934815
41-39-9004,43.799501,-123.053487,Oregon,15894,8.545690197558836,11.996966729459844
42-41-101,40.246528,-77.18675,Pennsylva,17105,9.87500730780476,11.99178942689673
47-45-4,36.05266,-89.382157,Tennessee,16372,7.995211336428075,5.45581618800021
8-31-27,39.73217,-105.0153,Colorado,17236,6.718925504757481,6.419748354065297
13-59-2,33.918137,-83.344385,Georgia,17334,9.586442829122003,6.673243753943998
27-139-505,44.791437,-93.512534,Minnesota,16601,9.487061020420414,9.675048957589734
39-17-19,39.479822,-84.409617,Ohio,14573,10.103753516777603,8.774295726006512
42-1-1,39.92002,-77.30968,Pennsylva,17423,9.871319520174422,11.96960663882873
45-41-3,34.214263,-79.767347,South Car,14064,9.723080204778162,7.233424279377268
8-41-17,38.848014,-104.828564,Colorado,16953,5.004217542617801,5.024329484152071
10-3-2004,39.739441,-75.557534,Delaware,15991,9.773753986617479,12.230392060988482
15-1-3033,19.060655,-155.579159,Hawaii,8467,3.606826502893587,2.635062366783877
21-37-3002,39.021881,-84.47445,Kentucky,16957,8.680969511116365,7.231600566950736
21-59-5,37.780776,-87.075307,Kentucky,13908,9.50285447224624,6.930231135661374
23-5-29,43.660246,-70.268965,Maine,15767,5.712183674763747,4.846481789519701
30-49-26,46.658762,-112.013089,Montana,17293,9.14470595038458,9.73412450905422
41-37-1,42.189215,-120.353969,Oregon,9017,8.39709437728737,10.697092021402907
42-77-4,40.611944,-75.4325,Pennsylva,16247,9.262226872653436,13.895110828138183
49-35-2005,40.598056,-111.894167,Utah,17449,8.526064530918699,8.047738716899769
6-113-1003,38.66121,-121.73269,Californi,7103,7.878361255807405,7.985615271898044
6-85-5,37.348497,-121.894898,Californi,16815,9.36782634552483,7.6722904999858414
12-99-22,26.687606,-80.219619,Florida,15966,7.427195289991185,5.068075821649276
19-163-15,41.530011,-90.587611,Iowa,17272,10.154452292728136,9.9238132402294
20-133-3,37.67696,-95.47594,Kansas,16439,10.558695784415121,7.013921872874629
29-189-3001,38.650329,-90.350313,Missouri,16048,7.568762462612182,6.214970210361402
36-5-110,40.816,-73.902,New York,16382,9.098742522280606,10.482674314486173
39-35-60,41.492117,-81.678449,Ohio,17213,11.552454540173116,10.756848417109811
42-131-10,41.605244,-75.95774,Pennsylva,10018,6.41302655220602,3.7714358889902404
6-37-4008,33.859662,-118.200707,Californi,13712,14.57854434072362,8.706417672179958
6-89-4,40.55013,-122.38092,Californi,11969,7.593366196006349,8.08929274981294
8-35-4,39.534488,-105.070358,Colorado,17136,5.446206816059775,5.789762018737732
22-33-9,30.461981,-91.179219,Louisiana,16626,9.814471309996414,5.8520529561576184
26-163-1013,42.388405,-82.979793,Michigan,14058,7.741926305306725,8.836074051341743
32-5-7,38.897557,-119.732507,Nevada,15683,6.774596697060511,11.913116470750369
39-135-1001,39.83562,-84.720524,Ohio,16680,9.330431654676193,8.959520296902161
46-103-20,44.087397,-103.273777,South Dak,16862,7.932356778555056,8.809875808285033
51-69-10,39.28102,-78.08157,Virginia,15312,9.10374216300943,9.17264583545163
55-119-8001,45.2066,-90.5972,Wisconsin,17001,7.497300158814233,8.27145170442674
55-133-27,43.020075,-88.21507,Wisconsin,17271,10.341080423831809,12.320389283322392
6-47-2510,37.30832,-120.480456,Californi,16801,10.322629605380667,9.258680277962181
12-71-5,26.602016,-81.877908,Florida,6407,7.393585141251762,3.6844083895480235
15-1-2016,19.2039,-155.480183,Hawaii,15262,4.383304940374787,3.3830994337014704
17-163-10,38.612034,-90.160477,Illinois,17150,10.977807580174904,7.2363682182895195
17-197-1011,41.221537,-88.190967,Illinois,17469,9.417230522640107,9.668393112241311
26-163-33,42.306666,-83.148889,Michigan,7715,13.729617627997415,14.77312297215899
34-39-2003,40.603943,-74.276174,New Jerse,15135,8.493994053518515,10.390429337093634
39-155-14,41.23172,-80.80116,Ohio,16898,9.02138714640788,10.391200880115646
4-13-2001,33.57453,-112.19193,Arizona,16549,6.978101395854758,9.557676158588206
41-67-4,45.528501,-122.972398,Oregon,9373,7.048244958924566,6.809735471092414
24-27-6,39.14313,-76.84611,Maryland,16758,7.833142379758921,7.899316721970564
24-31-3001,39.114313,-77.106876,Maryland,16422,7.156619169406894,6.87716738093893
27-75-5,47.948622,-91.495574,Minnesota,16168,5.706389163780337,6.626188504362171
53-53-29,47.1864,-122.4517,Washingto,15882,8.27956176803929,11.92877279041061
6-83-2004,34.63782,-120.4575,Californi,15622,5.69901421072846,4.877507068950205
9-9-27,41.3014,-72.902871,Connectic,17325,8.076369408369448,8.730227273914545
12-103-18,27.785866,-82.739875,Florida,16483,7.941030152278102,4.375638017915558
12-95-2002,28.596389,-81.3625,Florida,11935,7.487239212400517,4.07665886755037
15-1-1012,19.509778,-155.913417,Hawaii,16224,4.622472879684418,3.658566716999608
26-163-100,42.312078,-83.103469,Michigan,15236,11.574323969545773,10.703362931639711
34-3-10,40.85355,-73.96618,New Jerse,16893,8.830864855265455,8.904542601424904
42-13-801,40.535278,-78.370833,Pennsylva,16304,8.970381501472042,9.445835242282342
48-201-24,29.901036,-95.326137,Texas,16900,10.50522485207101,7.401888678704049
53-57-11,48.52059,-122.61428,Washingto,16966,5.635506306731109,6.197305875776864
56-25-100,42.82231,-106.36501,Wyoming,15949,3.5970907266913286,4.306661747010979
6-11-1002,39.18919,-121.99887,Californi,16680,7.590209832134238,6.745003952406531
12-1-3012,29.566112,-82.26608,Florida,17063,7.049786086854599,3.5329387370837444
18-167-18,39.485987,-87.401312,Indiana,16543,9.835422837453928,10.452435583973756
21-111-75,38.1936,-85.7119,Kentucky,16220,10.424346485819937,6.530148891003471
25-13-8,42.19438,-72.555112,Massachus,17207,6.674922996454938,6.218970301570811
27-3-1002,45.13768,-93.207615,Minnesota,16411,7.466979464992983,7.878429720134162
28-35-4,31.32389,-89.2922,Mississip,17418,10.67859685382935,6.6440904256623154
30-75-1,45.440295,-105.370283,Montana,14691,9.04165815805592,13.311571367834775
37-35-4,35.728889,-81.365556,North Car,16413,8.283312008773533,6.053294258856433
45-79-22,34.075687,-81.124988,South Car,8032,9.186367031872521,6.626976646502518
49-11-4,40.902967,-111.884467,Utah,17413,7.287176247631075,6.886016981367625
49-57-1003,41.303614,-111.987871,Utah,16885,6.35248445365709,6.507616718431871
6-67-12,38.683304,-121.164457,Californi,17091,6.971002281902778,8.731969900650691
12-31-98,30.135797,-81.633981,Florida,16286,8.142785214294502,4.482459159253997
12-99-2005,26.456944,-80.092778,Florida,17381,7.472182267993784,4.176440581839396
17-31-4007,42.060285,-87.863225,Illinois,17140,9.968798133022188,10.291873729890956
4-27-8011,32.690278,-114.61444,Arizona,16542,8.34542376979809,9.935723079212087
42-7-8,40.691857,-80.299211,Pennsylva,14171,9.248119398772157,9.906680299914427
48-215-1046,26.288622,-98.152066,Texas,12302,9.62420744594379,7.174848416703064
55-27-1,43.46611,-88.62111,Wisconsin,17427,8.807138348539656,10.941148013042588
6-73-77,32.6509,-116.365,Californi,16635,6.078713555755907,4.643301588040024
12-117-1002,28.746111,-81.310556,Florida,16867,7.320222920495607,4.392604469825422
2-110-4,58.388497,-134.567237,Alaska,16772,5.413856427378961,6.150120863013579
26-99-9,42.731394,-82.793463,Michigan,17111,9.968628367716672,10.916646894085991
27-21-3410,47.38443,-94.60166,Minnesota,16647,7.125434012134314,7.394218214827461
39-23-5,39.92882,-83.80949,Ohio,16460,9.95733900364523,8.713395459399452
41-13-100,44.299787,-120.844773,Oregon,9313,9.387780521851159,15.141841357276784
47-165-7,36.29756,-86.653137,Tennessee,15946,7.72186755299133,5.568310782103312
49-21-5,37.74743,-113.055525,Utah,17186,5.405603398114723,3.8679891604106684
6-37-9033,34.669739,-118.130511,Californi,8302,7.618164297759576,4.798902376508873
12-11-34,26.053889,-80.256944,Florida,17290,7.076506651243494,4.18259545602781
32-510-20,39.1447,-119.7661,Nevada,15054,6.297993888667464,13.872049141598708
33-15-14,43.075371,-70.748017,New Hamps,16903,6.409702419688827,4.293201076397324
37-123-1,35.263165,-79.836636,North Car,16140,8.859144981412639,6.628486817281828
37-129-2,34.364167,-77.838611,North Car,17246,6.268786965093347,4.855608278031126
47-145-4,35.939078,-84.542802,Tennessee,16006,7.670785955266781,6.784543690197868
8-31-26,39.77949,-105.00518,Colorado,17334,6.67707395869387,5.997324203777419
8-77-17,39.063798,-108.561173,Colorado,17360,4.876520737327174,4.215477571764183
28-59-6,30.378287,-88.53393,Mississip,17341,8.995922957153525,4.85331502869601
34-1-6,39.464872,-74.448736,New Jerse,16177,7.36590838845271,11.489151681469226
37-147-6,35.641276,-77.360126,North Car,16346,7.293717117337575,6.062818117082938
49-5-7,41.842649,-111.852199,Utah,17383,8.535632514525714,9.429415087906593
51-59-30,38.77335,-77.10468,Virginia,16905,8.817556935817793,9.81944979334645
18-39-8,41.657155,-85.968446,Indiana,16334,9.203881474225556,10.261294678938016
18-43-8,38.317813,-85.833322,Indiana,7396,8.704218496484565,9.166616301167739
23-9-103,44.37705,-68.2609,Maine,16666,4.093357734309347,3.8652014773252517
25-9-5005,42.770837,-71.10229,Massachus,16041,7.483130727510736,5.3885352988323305
26-161-8,42.240556,-83.599722,Michigan,17041,10.273270347984234,10.572249014101427
26-163-98,42.312158,-83.091943,Michigan,17337,11.989923285458923,10.668002785582718
30-53-18,48.391545,-115.553309,Montana,15919,13.31432878949678,11.589011029006121
35-1-1012,35.1852,-106.50815,New Mexic,17343,4.57533875338753,2.8872318668389463
42-115-215,41.867331,-75.686219,Pennsylva,10345,6.437448042532651,3.8601706819975474
42-45-109,39.818715,-75.413973,Pennsylva,15272,9.77303562074384,13.02178148376197
42-49-3,42.14175,-80.038611,Pennsylva,17422,8.137567443462288,7.981190584139854
47-163-1007,36.538761,-82.521599,Tennessee,16228,6.958664037466115,5.404718761565746
49-35-3014,40.709762,-112.00876,Utah,16093,7.6351581432920534,6.930217615774858
6-29-10,35.385574,-119.015009,Californi,16488,15.197313197476957,12.576015703777587
6-67-15,38.593322,-121.503795,Californi,16838,9.515203705903314,8.87749174625881
6-79-8002,35.49453,-120.66617,Californi,15576,5.529275808936826,5.46905287418967
6-83-2011,34.44551,-119.8284,Californi,15252,5.985903488067139,4.2620844887483464
18-97-81,39.788903,-86.214628,Indiana,17227,13.600783653567172,14.24691757410857
24-33-30,39.055277,-76.878333,Maryland,12434,7.127553482387003,8.807948945386899
25-13-18,42.120229,-72.584503,Massachus,14850,8.374134680134693,6.869068223898558
27-109-5008,43.996908,-92.450366,Minnesota,16665,8.852019201920186,8.495852375980121
38-17-1004,46.933754,-96.85535,North Dak,17003,9.824131035699592,10.252564381894738
53-73-19,48.760036,-122.456463,Washingto,15134,5.83685740716268,8.181085864644526
55-41-7,45.56498,-88.80859,Wisconsin,16752,6.723292741165227,8.43993067362987
13-139-3,34.2993,-83.8134,Georgia,17387,9.856214413067203,6.446635866996739
18-89-22,41.606662,-87.304943,Indiana,16331,8.880111444492085,8.573962421795398
24-23-2,39.70595,-79.012,Maryland,16054,5.8041609567708985,5.877634054182207
27-31-7810,47.972085,-89.69098,Minnesota,12990,4.024018475750562,5.521200164954664
28-47-8,30.390369,-89.049778,Mississip,17352,9.327541493775943,5.813030758977097
37-119-41,35.2401,-80.785683,North Car,17002,8.369721209269498,6.343350823448515
39-87-12,38.508075,-82.659241,Ohio,17333,8.954456816477235,6.682749493451768
48-257-5,32.564968,-96.317687,Texas,13808,8.347356604866743,5.714374482270482
53-61-1007,48.054315,-122.171529,Washingto,16769,9.028624247122666,11.33316445977535
6-85-6,37.338135,-121.849783,Californi,16014,8.321780941676034,7.472169320723151
6-97-4,38.403765,-122.818294,Californi,16170,6.0492888064316634,5.56811268125703
18-65-3,40.009544,-85.52347,Indiana,8115,10.46050523721499,11.923227590116024
21-111-51,38.06091,-85.89804,Kentucky,17269,10.538913660316178,7.491401874123882
26-147-5,42.953336,-82.456229,Michigan,16732,9.717051159454954,11.425041167310866
39-61-40,39.12886,-84.50404,Ohio,17302,10.06023003121022,8.076052524186315
4-23-4,31.337204,-110.936718,Arizona,16338,8.98947239564206,10.788949516687307
40-115-9004,36.922222,-94.838889,Oklahoma,8177,10.197419591537232,7.9841568564616585
40-31-651,34.63298,-98.42879,Oklahoma,16054,7.853070885760549,6.410408220848574
46-13-4,45.468596,-98.494061,South Dak,15457,6.3074594035065745,8.818497822851054
48-439-1006,32.759154,-97.342332,Texas,16685,9.946640695235248,9.295722251788137
53-33-2004,47.386111,-122.230278,Washingto,12468,8.807667629130574,9.947124131787778
55-25-41,43.10101,-89.35768,Wisconsin,17433,9.002283026444106,11.260737034079337
56-29-1,44.524568,-109.06926,Wyoming,13896,5.008131836499681,7.377556002704864
12-127-5002,29.206667,-81.0525,Florida,16891,8.343614942868971,4.597182825086448
18-183-3,41.169646,-85.629292,Indiana,17297,10.097681678903834,10.059182058044316
39-61-6,39.2787,-84.36625,Ohio,16370,8.93701282834447,7.703128394130986
49-7-1003,39.59575,-110.770111,Utah,13555,3.7524898561416316,3.2314875354171404
6-73-1022,32.789565,-116.944308,Californi,12097,9.475613788542596,4.887221876581238
6-93-2001,41.726892,-122.633579,Californi,16033,10.064117757125928,21.928122817366763
13-215-8,32.521272,-84.944635,Georgia,17397,9.885531988273762,7.841553726308055
22-19-8,30.262347,-93.284906,Louisiana,15113,10.561324687355263,6.574281267540795
39-153-17,41.063526,-81.468956,Ohio,15884,8.749792243767374,9.39229373463066
39-17-15,39.49072,-84.36374,Ohio,6222,11.84279974284801,11.921049103960021
4-19-1028,32.29515,-110.9823,Arizona,16702,6.465752604478506,5.055881430481271
48-29-59,29.275381,-98.311692,Texas,16234,7.681624984600161,6.09342180059769
49-35-3015,40.777145,-111.945849,Utah,17462,8.111384721108717,7.293348441444011
56-13-232,43.081667,-107.549444,Wyoming,15406,3.3909515773075425,3.7333927290147906
29-95-34,39.104686,-94.57079,Missouri,17226,7.732050388946901,5.867380368923529
56-39-1013,44.373056,-110.830833,Wyoming,15532,3.7173577131084214,3.345697246089496
6-103-7,40.17093,-122.25556,Californi,16172,6.357049220875603,6.359453657247343
10-3-1008,39.577647,-75.603659,Delaware,15763,8.414597475099887,11.935500619953643
27-17-7417,46.713694,-92.511722,Minnesota,13657,5.433448048619754,7.25728842448548
33-1-2004,43.566122,-71.496335,New Hamps,16943,5.139916189576828,4.2341209653818295
36-81-124,40.73614,-73.82153,New York,17420,9.873157290470722,11.969449381169415
37-183-14,35.856111,-78.574167,North Car,13839,9.593012500903223,6.817982449943094
37-183-21,35.8652,-78.8197,North Car,16288,8.067976424361493,5.595023491264837
38-25-4,47.342423,-102.645864,North Dak,17026,7.561071302713499,11.614290448292293
4-13-4021,33.41046,-112.00264,Arizona,17146,7.829686224192205,6.216537600014455
42-5-1,40.814183,-79.56475,Pennsylva,17226,9.295820271682382,9.203913217922645
47-157-75,35.151699,-89.850249,Tennessee,14432,9.348198447893578,5.454899551962825
37-119-48,35.281791,-80.851473,North Car,16068,8.674458551157585,6.390514973967328
42-29-100,39.834461,-75.768242,Pennsylva,17319,9.078133841445823,11.157023149872696
55-59-19,42.50472,-87.8093,Wisconsin,17118,8.608657553452502,8.977164648643422
6-1-9,37.743065,-122.169935,Californi,17071,7.515084060687716,6.132914961093015
6-65-8001,33.99958,-117.41601,Californi,16410,10.898561852528688,8.052642425760476
1-27-1,33.284928,-85.803608,Alabama,7555,8.52467240238254,5.837880383677999
18-97-78,39.810833,-86.114444,Indiana,17199,11.604157218442959,11.626582531947529
27-53-962,44.965242,-93.254759,Minnesota,16991,9.513077511623766,9.475332474166429
34-21-8,40.222411,-74.763167,New Jerse,16454,9.026419107815892,10.535864620425563
47-113-10,35.705319,-88.81964,Tennessee,16462,8.651907423156368,5.559532369223516
48-37-1031,33.436111,-94.07778,Texas,15803,10.635271783838517,6.761472315940984
48-61-6,25.892518,-97.49383,Texas,10028,8.789589150378939,7.012363052115762
53-65-5,48.544448,-117.903425,Washingto,16702,9.836726140581966,12.290541358010405
56-33-2,44.815142,-106.955933,Wyoming,14707,7.762222071122591,7.944447875441616
33-5-7,42.930521,-72.272332,New Hamps,16911,7.099308142629078,6.34216252877609
37-119-45,35.213171,-80.874084,North Car,16788,9.415594472242077,6.241631783275426
47-9-11,35.768847,-83.942152,Tennessee,15976,8.077772909364072,6.631406364411727
21-111-80,38.182435,-85.574361,Kentucky,17414,9.927518088893981,7.642178616487964
26-163-15,42.302778,-83.106667,Michigan,15106,12.062365947305635,7.996053458199956
27-83-4210,44.4438,-95.81789,Minnesota,17040,8.573573943661966,11.948584047487815
37-101-2,35.59095,-78.4622,North Car,16045,8.010246182611414,5.709382548532596
56-21-4,41.08536,-104.52277,Wyoming,6576,6.259154501216602,9.123508504797618
36-101-3,42.09142,-77.20978,New York,16270,7.429440688383513,12.06106483752891
38-101-3,47.940861,-101.571583,North Dak,17131,7.736956394839757,10.869948647098916
42-71-7,40.046667,-76.283333,Pennsylva,17189,10.746157426261052,12.696325642511319
42-95-25,40.628056,-75.341111,Pennsylva,17030,9.608479154433278,14.486326777077878
49-35-3010,40.78422,-111.931,Utah,17387,8.196480128831897,7.506837883633275
50-3-4,42.88759,-73.24984,Vermont,17314,6.221052327596173,6.3769554595141935
56-13-1003,42.842168,-108.736281,Wyoming,13231,8.173085934547641,8.722504953321465
6-53-1003,36.694261,-121.623271,Californi,16521,6.7781066521397015,5.596583028653722
6-53-8,36.209286,-121.126371,Californi,15936,5.364081325301205,4.577181094096921
1-3-10,30.497478,-87.880258,Alabama,7711,8.13227856309168,5.383844737635772
23-29-33,44.963894,-67.061325,Maine,12628,4.128682293316446,3.1502210324872553
29-21-5,39.741694,-94.858584,Missouri,16949,8.869874328868962,6.476521738928045
4-13-4003,33.40314,-112.07526,Arizona,16810,10.317132659131454,13.911025979758506
40-143-1127,36.204902,-95.976537,Oklahoma,16984,10.074264013188824,6.637843542621201
48-201-55,29.695729,-95.499219,Texas,14039,10.463722487356682,6.276335845177474
48-61-2004,26.0711,-97.1577,Texas,16461,11.370955592005373,9.200966666515605
51-3-1,38.07657,-78.50397,Virginia,16749,8.376189623261114,7.38808250504625
6-65-9,33.447867,-117.088649,Californi,16191,5.9710518189116435,3.889216192682448
6-95-4,38.102507,-122.237976,Californi,17087,6.87973313045005,6.4973628105507615
17-111-1,42.221442,-88.242207,Illinois,17128,9.86436828584774,10.132916404464309
17-157-1,38.176278,-89.788459,Illinois,17288,8.318301712170296,5.027909779197025
18-55-1,38.985477,-86.990419,Indiana,7739,9.261907223155486,10.521306093534765
39-17-22,39.478686,-84.397112,Ohio,6456,13.715628872366828,13.999450985399633
39-61-48,39.146025,-84.538375,Ohio,16795,9.923626079190209,8.354754765198143
39-81-17,40.3663,-80.6158,Ohio,17280,10.80839699074083,10.338549694809162
42-101-55,39.922867,-75.186921,Pennsylva,17219,10.04700040652763,12.326070019434283
48-303-1028,33.58553,-101.78698,Texas,15453,6.218727755128457,7.585324810732715
48-439-1053,32.664753,-97.337917,Texas,16993,8.89339728123345,6.310055810369377
6-1-16,37.68975,-121.77155,Californi,8249,6.426718390107892,5.5065205953730185
6-19-5001,36.819449,-119.716433,Californi,16385,10.076698199572817,8.346103598338958
6-37-4009,33.793713,-118.171019,Californi,14660,9.495381991814638,6.612789018585748
12-103-4,27.946688,-82.731767,Florida,17331,7.080601234781622,3.689654116268846
17-65-2,38.082155,-88.624943,Illinois,17441,8.83963648873346,6.045836715297176
18-89-34,41.653501,-87.435561,Indiana,17275,10.464069464544128,9.079546984019949
21-111-1041,38.23158,-85.82678,Kentucky,16924,9.984826282202851,6.752531236082226
46-29-2,44.89965,-97.128802,South Dak,16931,8.319910223849936,7.407512024452766
48-201-1034,29.767997,-95.220582,Texas,16627,10.52314909484577,6.86377921919243
48-453-1068,30.35386,-97.69166,Texas,16962,10.213318004952253,7.191044574466896
53-77-9,46.594952,-120.512283,Washingto,16877,9.267938614682704,11.170711961868502
55-63-12,43.7775,-91.2269,Wisconsin,16846,8.610874985159729,8.542097063610944
6-29-19,35.046528,-118.162833,Californi,8945,5.397764114030197,3.6320338470458715
80-2-14,32.633671,-115.504995,Country O,6481,21.735688936892455,25.441612637023656
12-9-7,28.053611,-80.628611,Florida,17251,7.370135064633922,4.292261412580834
18-95-11,40.125703,-85.652184,Indiana,17140,9.609766627771279,9.196308164026778
18-97-87,39.787933,-86.13088,Indiana,17311,13.298792675177564,12.041068096282055
37-159-21,35.551868,-80.395039,North Car,16111,8.802557259015579,6.751751891842304
27-171-3201,45.20916,-93.66921,Minnesota,16433,8.261699020264155,8.657146404601276
38-65-2,47.185833,-101.428056,North Dak,17129,8.576274154941878,11.451275089714809
39-35-38,41.477011,-81.682383,Ohio,17378,11.293411209575291,10.63349661444349
44-9-7,41.49511,-71.423705,Rhode Isl,15441,5.476458778576517,5.315314739034819
6-101-3,39.138773,-121.618549,Californi,17139,9.723210222299944,8.609495699984432
23-17-2011,44.551419,-70.546319,Maine,15485,5.8408782692928645,5.886004421777685
25-15-4002,42.298493,-72.334079,Massachus,16626,6.687260916636621,5.869424184908142
31-67-5,40.285,-96.824166,Nebraska,13842,6.62279294899586,7.480327685176883
48-29-32,29.51509,-98.620166,Texas,16179,8.996804499660056,6.755359244772893
49-35-4002,40.662961,-111.901851,Utah,17433,9.719560603453212,8.255171623080617
53-61-20,48.2469,-121.6031,Washingto,14848,9.375336745689655,21.28821430236036
6-61-6,38.74643,-121.26498,Californi,16618,7.784089541461066,6.55208743445455
17-167-12,39.831921,-89.644164,Illinois,16867,9.865370249599895,9.485132951642198
26-163-1,42.228611,-83.208333,Michigan,16318,9.958928790292928,10.659552388489628
27-137-7001,47.523355,-92.536305,Minnesota,16275,6.608104454685082,6.7897655970312645
48-245-22,29.863957,-94.317802,Texas,14747,8.845270224452433,6.753247771182574
49-13-2,40.294178,-110.009732,Utah,17388,7.338146997929565,7.265765635308305
55-87-9,44.30738,-88.39509,Wisconsin,17371,9.172292901963061,10.154445313187793
6-1-12,37.793624,-122.263376,Californi,17013,9.196908246634926,7.182082974865422
6-19-11,36.78538,-119.77321,Californi,16208,11.825419545903268,10.603966409145533
6-25-5,32.67618,-115.48307,Californi,16711,10.389144874633484,11.258492880123557
6-67-5003,38.494475,-121.211131,Californi,15892,6.324251195570098,5.819036663440779
27-137-7554,46.743657,-92.165998,Minnesota,14785,7.023422387554937,7.364627394722304
30-63-24,46.842181,-114.021499,Montana,14693,7.150146328183939,9.720991710642185
34-39-4,40.64144,-74.208365,New Jerse,16977,10.635300700948326,9.842558901697442
39-145-13,38.754599,-82.91701,Ohio,7160,10.085418994413402,9.794198659621637
48-135-1014,31.870259,-102.334745,Texas,16832,7.42163735741445,6.417799962508049
8-31-2,39.751184,-104.987625,Colorado,15364,7.6767964071856385,6.943474072031295
1-101-1002,32.412811,-86.263394,Alabama,7150,10.63896503496504,6.268564476278923
15-1-2020,19.117561,-155.778136,Hawaii,14105,4.812336051045729,3.9694152390832524
21-145-1027,37.08727,-88.60801,Kentucky,8419,9.163914954270114,5.891811059257065
21-227-9,37.04926,-86.21487,Kentucky,17405,8.229514507325497,5.705273764184537
29-510-94,38.63114,-90.28115,Missouri,17395,8.937964932451964,6.415260099597454
35-1-23,35.1343,-106.5852,New Mexic,17258,5.689517904739836,3.8794949650447474
45-25-1,34.615367,-80.198787,South Car,12379,7.9324662735277895,7.022562038860777
6-111-3001,34.25239,-119.143182,Californi,16056,6.860176880916791,4.500825884264429
6-27-1023,37.362137,-118.417478,Californi,17138,9.732810129536752,12.633886214055678
6-57-5,39.233477,-121.055608,Californi,15326,6.10475662273263,14.032696759777032
17-197-1002,41.526885,-88.116474,Illinois,17198,10.534323758576605,11.009751419168124
25-11-2005,42.605816,-72.596689,Massachus,17286,7.852233020941784,7.069375661819471
26-139-5,42.894444,-85.852778,Michigan,16363,10.09900996149852,11.179645851138858
37-57-2,35.8145,-80.2627,North Car,16716,9.37604690117253,6.98688215417069
42-59-2,39.80933,-80.26567,Pennsylva,10156,7.291226860968865,4.073910318048128
49-49-5010,40.136378,-111.657936,Utah,17288,7.20192040721887,6.075768277138876
10-3-1007,39.551279,-75.732015,Delaware,16345,8.880342612419682,11.679889543799048
13-21-12,32.805264,-83.543493,Georgia,16806,9.45409972628826,6.213229795241539
15-3-1001,21.30758,-157.85542,Hawaii,16298,4.150300650386563,3.740183310034681
17-161-3002,41.514727,-90.51735,Illinois,17295,10.0690951141948,10.551109156732887
19-153-30,41.603159,-93.643118,Iowa,17210,8.05735037768739,7.848085469271443
21-47-6,36.91171,-87.323337,Kentucky,17246,9.398851907688744,6.205061567448693
26-91-7,41.995568,-83.946559,Michigan,15856,9.524987386478328,7.852702142349085
27-137-7550,46.81826,-92.08936,Minnesota,15250,6.595239344262279,7.489541593841402
41-39-59,44.067224,-123.141352,Oregon,16364,9.210419212906325,11.420738636762541
6-111-2002,34.276316,-118.683685,Californi,17001,6.880183518616552,4.987082925668611
6-53-2,36.48187,-121.73333,Californi,14732,4.728957371707847,4.260306193767616
12-31-108,30.262778,-81.606833,Florida,16981,8.684930216123908,5.039547566269388
12-31-99,30.354722,-81.547778,Florida,8568,7.769234360410811,4.928698688016444
19-113-40,41.97677,-91.68766,Iowa,17211,10.476468537563184,10.132373857390052
29-510-93,38.656479,-90.189868,Missouri,17368,9.751715799170885,8.165122678601142
31-177-2,41.551211,-96.146175,Nebraska,14387,6.427538750260652,6.817501506142909
46-65-3,44.373786,-100.287269,South Dak,12520,5.432827476038398,13.65719440496055
6-27-1018,36.595556,-118.049167,Californi,13741,5.1919656502438345,5.4196261292158825
1-73-1010,33.545278,-86.549167,Alabama,16495,9.973313125189483,6.081069826626769
27-145-3052,45.549839,-94.13345,Minnesota,14972,8.990221747261593,8.924934688015657
30-17-5,46.411389,-105.812778,Montana,15271,7.781265143081634,13.261937573725556
42-11-11,40.38335,-75.9686,Pennsylva,17411,9.347584860145874,13.541844919014808
44-7-40,41.771987,-71.427881,Rhode Isl,10521,8.229160726166715,6.34486179866997
55-35-14,44.76249,-91.41445,Wisconsin,17445,8.717856119231891,8.57130038634374
30-81-7,46.243621,-114.158889,Montana,15690,8.141115360102024,14.072330944591654
32-3-561,36.163962,-115.11393,Nevada,17329,9.526268105487969,10.864549464300538
38-13-4,48.64193,-102.4018,North Dak,17219,8.69321679540044,12.672469338434553
53-11-24,45.64336,-122.58737,Washingto,16475,7.4435204855842185,8.671546240718495
28-49-20,32.329111,-90.182722,Mississip,16822,10.407603138746847,6.270621707850793
34-17-8,40.770908,-74.036218,New Jerse,14665,7.560668257756685,8.701301210810767
34-29-2002,39.994908,-74.170447,New Jerse,15577,7.564299929383109,10.74101169004826
41-67-5,45.3992,-122.7455,Oregon,8877,6.373977695167277,5.720703614734127
42-133-8,39.965278,-76.699444,Pennsylva,16348,9.972865182285293,12.531127897802033
42-3-3007,40.294341,-79.885331,Pennsylva,15293,9.132191198587558,8.814023356804835
6-111-1004,34.44806,-119.2313,Californi,16011,5.492848666541753,4.519787373271307
36-55-1007,43.14618,-77.54817,New York,17204,7.673017902813264,7.870284600699745
37-121-4,35.912487,-82.062082,North Car,16123,6.740060782732742,5.06763334799249
6-65-8005,33.99636,-117.4924,Californi,16827,12.231033458132774,9.034531053503539
12-11-33,26.073536,-80.33845,Florida,16704,6.729501915708804,4.212813346380427
12-11-35,26.132677,-80.169817,Florida,17344,9.789477629151301,5.431069681406646
30-31-17,44.657014,-111.089618,Montana,15395,3.5866190321532967,4.246399811947663
6-65-500,33.71969,-116.1897,Californi,14562,11.049594835874176,15.192746251828497
6-85-2,36.999571,-121.574684,Californi,15745,6.277548428072404,5.418799103600875
